date,spot,expiry,ce_strike,ce_entry_time,ce_entry_price,ce_exit_time,ce_exit_price,ce_pnl,pe_strike,pe_entry_time,pe_entry_price,pe_exit_time,pe_exit_price,pe_pnl,total_pnl
2025-04-21,23914.5,2025-04-24,24650,09:30:59,13.05,14:59:59,14.85,-117.0,23200,09:30:59,22.0,14:59:59,11.45,685.75,568.75
2025-04-23,24279.9,2025-04-24,25000,09:30:59,2.65,14:59:59,2.5,9.75,23550,09:30:59,4.25,14:59:59,7.55,-214.5,-204.75
2025-04-25,24535.2,2025-04-30,25250,09:30:59,6.75,14:59:59,2.95,247.0,23800,09:30:59,44.7,14:59:59,81.0,-2359.5,-2112.5
2025-04-28,24367.1,2025-04-30,25100,09:30:59,2.7,14:59:59,2.1,39.0,23650,09:30:59,27.2,14:59:59,17.0,663.0,702.0
2025-04-30,24535.0,2025-05-08,25250,09:30:59,11.2,14:59:59,8.7,162.5,23800,09:30:59,81.1,14:59:59,82.95,-120.25,42.25
2025-05-02,24739.0,2025-05-08,25500,09:30:59,3.3,14:59:59,2.7,39.0,24000,09:30:59,52.65,14:59:59,71.0,-1192.75,-1153.75
2025-05-05,24616.6,2025-05-08,25350,09:30:59,3.55,14:59:59,2.65,58.5,23900,09:30:59,29.5,14:59:59,22.15,477.75,536.25
2025-05-07,24604.0,2025-05-08,25350,09:30:59,1.25,14:59:59,1.25,0.0,23850,09:30:59,23.55,14:59:59,18.85,305.5,305.5
2025-05-09,24235.8,2025-05-15,24950,09:30:59,13.45,14:59:59,8.2,341.25,23500,09:30:59,136.8,14:59:59,119.0,1157.0,1498.25
2025-05-12,24755.3,2025-05-15,25500,09:30:59,2.95,14:59:59,36.35,-2171.0,24000,09:30:59,21.9,14:59:59,22.3,-26.0,-2197.0
2025-05-14,24861.1,2025-05-15,25600,09:30:59,2.15,14:59:59,1.3,55.25,24100,09:30:59,8.45,14:59:59,4.6,250.25,305.5
2025-05-16,25229.9,2025-05-22,26000,09:30:59,9.2,14:59:59,7.45,113.75,24450,09:30:59,39.6,14:59:59,33.45,399.75,513.5
2025-05-19,25197.3,2025-05-22,25950,09:30:59,6.4,14:59:59,4.35,133.25,24450,09:30:59,29.5,14:59:59,31.75,-146.25,-13.0
2025-05-21,24880.0,2025-05-22,25650,09:30:59,2.35,14:59:59,2.0,22.75,24150,09:30:59,6.85,14:59:59,3.65,208.0,230.75
2025-05-23,24822.1,2025-05-29,25550,09:30:59,12.25,14:59:59,20.45,-533.0,24100,09:30:59,33.0,14:59:59,26.35,432.25,-100.75
2025-05-26,25170.0,2025-05-29,25950,09:30:59,8.4,14:59:59,5.0,221.0,24400,09:30:59,30.8,14:59:59,32.7,-123.5,97.5
2025-05-28,24871.0,2025-05-29,25600,09:30:59,9.1,14:59:59,2.85,406.25,24100,09:30:59,10.2,14:59:59,3.6,429.0,835.25
2025-05-30,24958.0,2025-06-05,25700,09:30:59,16.9,14:59:59,9.85,458.25,24200,09:30:59,29.0,14:59:59,31.2,-143.0,315.25
2025-06-02,24657.9,2025-06-05,25400,09:30:59,15.2,14:59:59,27.45,-796.25,23900,09:30:59,19.4,14:59:59,13.9,357.5,-438.75
2025-06-04,24678.2,2025-06-05,25400,09:30:59,2.65,14:59:59,1.4,81.25,23950,09:30:59,3.25,14:59:59,1.6,107.25,188.5
2025-06-06,24815.8,2025-06-12,25550,09:30:59,9.4,14:59:59,22.15,-828.75,24050,09:30:59,17.25,14:59:59,7.75,617.5,-211.25
2025-06-09,25151.1,2025-06-12,25900,09:30:59,4.9,14:59:59,2.7,143.0,24400,09:30:59,13.7,14:59:59,8.6,331.5,474.5
2025-06-11,25197.7,2025-06-12,25950,09:30:59,1.05,14:59:59,1.0,3.25,24450,09:30:59,2.4,14:59:59,1.65,48.75,52.0
2025-06-13,24667.3,2025-06-19,25400,09:30:59,13.35,14:59:59,10.8,165.75,23950,09:30:59,37.0,14:59:59,33.3,240.5,406.25
2025-06-16,24822.0,2025-06-19,25550,09:30:59,4.75,14:59:59,6.75,-130.0,24100,09:30:59,17.75,14:59:59,15.05,175.5,45.5
2025-06-18,24931.8,2025-06-19,25700,09:30:59,1.2,14:59:59,1.15,3.25,24200,09:30:59,4.5,14:59:59,3.95,35.75,39.0
2025-06-20,24852.0,2025-06-26,25600,09:30:59,6.25,14:59:59,13.6,-477.75,24100,09:30:59,17.6,14:59:59,17.2,26.0,-451.75
2025-06-23,24914.6,2025-06-26,25650,09:30:59,4.35,14:59:59,4.5,-9.75,24150,09:30:59,15.45,14:59:59,11.6,250.25,240.5
2025-06-25,25180.9,2025-06-26,25950,09:30:59,1.4,14:59:59,1.0,26.0,24450,09:30:59,2.6,14:59:59,3.45,-55.25,-29.25
2025-06-27,25903.3,2025-07-03,26700,09:30:59,2.05,14:59:59,1.55,32.5,25150,09:30:59,50.9,14:59:59,24.55,1712.75,1745.25
2025-06-30,25994.4,2025-07-03,26750,09:30:59,1.4,14:59:59,1.85,-29.25,25200,09:30:59,25.65,14:59:59,36.55,-708.5,-737.75
2025-07-02,25920.2,2025-07-03,26700,09:30:59,0.75,14:59:59,0.65,6.5,25150,09:30:59,4.7,14:59:59,7.75,-198.25,-191.75
2025-07-04,25761.3,2025-07-10,26550,09:30:59,1.85,14:59:59,1.25,39.0,25000,09:30:59,28.4,14:59:59,20.9,487.5,526.5
2025-07-07,25781.0,2025-07-10,26550,09:30:59,1.2,14:59:59,1.15,3.25,25000,09:30:59,15.15,14:59:59,13.75,91.0,94.25
2025-07-09,25825.0,2025-07-10,26600,09:30:59,0.65,14:59:59,0.7,-3.25,25050,09:30:59,3.85,14:59:59,3.9,-3.25,-6.5
2025-07-11,25625.0,2025-07-17,26400,09:30:59,1.7,14:59:59,1.65,3.25,24850,09:30:59,17.0,14:59:59,26.9,-643.5,-640.25
2025-07-14,25397.1,2025-07-17,26150,09:30:59,1.9,14:59:59,1.75,9.75,24650,09:30:59,14.95,14:59:59,8.65,409.5,419.25
2025-07-16,25453.0,2025-07-17,26200,09:30:59,0.7,14:59:59,0.65,3.25,24700,09:30:59,2.25,14:59:59,2.0,16.25,19.5
2025-07-18,25395.6,2025-07-24,26150,09:30:59,1.65,14:59:59,1.7,-3.25,24650,09:30:59,17.45,14:59:59,26.5,-588.25,-591.5
2025-07-21,25205.0,2025-07-24,25950,09:30:59,2.05,14:59:59,1.6,29.25,24450,09:30:59,9.8,14:59:59,5.45,282.75,312.0
2025-07-23,25393.8,2025-07-24,26150,09:30:59,0.7,14:59:59,0.55,9.75,24650,09:30:59,1.95,14:59:59,1.75,13.0,22.75
2025-07-25,25265.0,2025-07-31,26000,09:30:59,2.4,14:59:59,2.55,-9.75,24500,09:30:59,16.25,14:59:59,25.35,-591.5,-601.25
2025-07-28,25075.6,2025-07-31,25850,09:30:59,2.05,14:59:59,2.4,-22.75,24300,09:30:59,8.85,14:59:59,13.45,-299.0,-321.75
2025-07-30,25099.5,2025-07-31,25850,09:30:59,0.9,14:59:59,1.0,-6.5,24350,09:30:59,3.05,14:59:59,2.6,29.25,22.75
2025-08-01,24753.0,2025-08-07,25500,09:30:59,5.35,14:59:59,4.25,71.5,24000,09:30:59,14.2,14:59:59,15.8,-104.0,-32.5
2025-08-04,24744.0,2025-08-07,25500,09:30:59,3.45,14:59:59,2.3,74.75,24000,09:30:59,9.35,14:59:59,6.8,165.75,240.5
2025-08-06,24721.1,2025-08-07,25450,09:30:59,0.95,14:59:59,0.9,3.25,24000,09:30:59,1.9,14:59:59,2.8,-58.5,-55.25
2025-08-08,24584.2,2025-08-14,25300,09:30:59,4.0,14:59:59,3.65,22.75,23850,09:30:59,10.65,14:59:59,11.8,-74.75,-52.0
2025-08-11,24456.0,2025-08-14,25200,09:30:59,3.35,14:59:59,2.85,32.5,23700,09:30:59,5.65,14:59:59,4.2,94.25,126.75
2025-08-13,24638.9,2025-08-14,25400,09:30:59,1.0,14:59:59,0.65,22.75,23900,09:30:59,1.6,14:59:59,1.8,-13.0,9.75
2025-08-18,25037.0,2025-08-21,25800,09:30:59,2.75,14:59:59,1.8,61.75,24300,09:30:59,7.1,14:59:59,5.9,78.0,139.75
2025-08-20,24971.8,2025-08-21,25700,09:30:59,0.9,14:59:59,0.6,19.5,24200,09:30:59,1.3,14:59:59,1.4,-6.5,13.0
2025-08-22,25000.0,2025-08-28,25750,09:30:59,3.0,14:59:59,2.7,19.5,24250,09:30:59,5.4,14:59:59,7.6,-143.0,-123.5
2025-08-25,24966.1,2025-08-28,25700,09:30:59,2.25,14:59:59,1.55,45.5,24200,09:30:59,3.1,14:59:59,2.4,45.5,91.0
2025-08-29,24900.1,2025-09-02,25650,09:30:59,1.25,14:59:59,0.9,22.75,24150,09:30:59,13.2,14:59:59,9.1,266.5,289.25
2025-09-01,24898.0,2025-09-02,25650,09:30:59,0.75,14:59:59,0.6,9.75,24150,09:30:59,3.1,14:59:59,2.6,32.5,42.25
2025-09-03,24935.0,2025-09-09,25700,09:30:59,1.35,14:59:59,1.2,9.75,24200,09:30:59,21.2,14:59:59,12.4,572.0,581.75
2025-09-05,25120.0,2025-09-09,25850,09:30:59,1.05,14:59:59,0.75,19.5,24350,09:30:59,5.55,14:59:59,6.9,-87.75,-68.25
2025-09-08,25130.0,2025-09-09,25900,09:30:59,0.65,14:59:59,0.65,0.0,24400,09:30:59,3.65,14:59:59,3.6,3.25,3.25
2025-09-10,25290.0,2025-09-16,26050,09:30:59,1.25,14:59:59,1.55,-19.5,24550,09:30:59,15.85,14:59:59,14.35,97.5,78.0
2025-09-12,25385.7,2025-09-16,26150,09:31:59,0.8,14:59:59,0.6,13.0,24600,09:30:59,4.8,14:59:59,4.95,-9.75,3.25
2025-09-15,25423.6,2025-09-16,26200,09:30:59,0.55,14:59:59,0.65,-6.5,24650,09:30:59,2.6,14:59:59,2.5,6.5,0.0
2025-09-17,25623.8,2025-09-23,26400,09:30:59,1.55,14:59:59,1.3,16.25,24850,09:30:59,12.0,14:59:59,10.35,107.25,123.5
2025-09-19,25672.0,2025-09-23,26450,09:30:59,0.95,14:59:59,0.7,16.25,24900,09:30:59,5.05,14:59:59,4.3,48.75,65.0
2025-09-22,25605.0,2025-09-23,26350,09:30:59,0.8,14:59:59,1.1,-19.5,24850,09:30:59,2.6,14:59:59,3.45,-55.25,-74.75
2025-09-24,25375.6,2025-09-30,26150,09:30:59,2.1,14:59:59,1.55,35.75,24600,09:30:59,12.45,14:59:59,9.25,208.0,243.75
2025-09-26,25097.8,2025-09-30,25850,09:30:59,2.2,14:59:59,2.65,-29.25,24350,09:30:59,6.4,14:59:59,15.4,-585.0,-614.25
2025-09-29,25021.7,2025-09-30,25750,09:30:59,1.45,14:59:59,1.7,-16.25,24250,09:30:59,3.35,14:59:59,3.5,-9.75,-26.0
2025-10-01,24913.1,2025-10-07,25650,09:30:59,2.15,14:59:59,1.4,48.75,24150,09:30:59,11.75,14:59:59,5.1,432.25,481.0
2025-10-03,25025.0,2025-10-07,25800,09:30:59,1.1,14:59:59,0.85,16.25,24250,09:30:59,4.6,14:59:59,4.05,35.75,52.0
2025-10-06,25110.0,2025-10-07,25850,09:30:59,0.9,14:59:59,0.8,6.5,24350,09:30:59,2.3,14:59:59,2.45,-9.75,-3.25
2025-10-08,25403.1,2025-10-14,26150,09:30:59,1.9,14:59:59,1.6,19.5,24650,09:30:59,8.75,14:59:59,12.6,-250.25,-230.75
2025-10-10,25469.0,2025-10-14,26250,09:30:59,0.95,14:59:59,0.75,13.0,24700,09:30:59,4.65,14:59:59,4.65,0.0,13.0
2025-10-13,25406.3,2025-10-14,26150,09:30:59,1.1,14:59:59,0.95,9.75,24650,09:30:59,4.4,14:59:59,2.95,94.25,104.0
2025-10-15,25486.9,2025-10-20,26250,09:30:59,1.5,14:59:59,1.15,22.75,24700,09:30:59,9.85,14:59:59,7.95,123.5,146.25
2025-10-17,25791.3,2025-10-20,26550,09:30:59,0.85,14:59:59,1.0,-9.75,25000,09:30:59,5.6,14:59:59,3.95,107.25,97.5
2025-10-20,26045.0,2025-10-28,26850,09:30:59,3.15,14:59:59,2.05,71.5,25250,09:30:59,22.85,14:59:59,14.4,549.25,620.75
2025-10-24,26089.5,2025-10-28,26850,09:30:59,1.9,14:59:59,2.3,-26.0,25300,09:30:59,7.9,14:59:59,7.75,9.75,-16.25
2025-10-27,26095.0,2025-10-28,26900,09:30:59,1.1,14:59:59,1.3,-13.0,25300,09:30:59,3.95,14:59:59,3.15,52.0,39.0
2025-10-29,26189.8,2025-11-04,27000,09:30:59,3.9,14:59:59,2.8,71.5,25400,09:30:59,12.6,14:59:59,10.2,156.0,227.5
2025-10-31,26074.4,2025-11-04,26850,09:30:59,1.95,14:59:59,2.4,-29.25,25300,09:30:59,5.7,14:59:59,5.1,39.0,9.75
2025-11-03,25815.6,2025-11-04,26600,09:30:59,2.2,14:59:59,1.45,48.75,25050,09:30:59,2.7,14:59:59,1.9,52.0,100.75
2025-11-07,25448.0,2025-11-11,26200,09:30:59,2.9,14:59:59,1.85,68.25,24700,09:30:59,4.45,14:59:59,2.65,117.0,185.25
2025-11-10,25647.0,2025-11-11,26400,09:30:59,1.2,14:59:59,0.8,26.0,24900,09:30:59,2.15,14:59:59,1.8,22.75,48.75
2025-11-12,25912.3,2025-11-18,26700,09:30:59,3.45,14:59:59,3.15,19.5,25150,09:30:59,12.1,14:59:59,9.65,159.25,178.75
2025-11-14,25925.0,2025-11-18,26700,09:30:59,3.0,14:59:59,2.15,55.25,25150,09:30:59,6.6,14:59:59,4.45,139.75,195.0
2025-11-17,26049.0,2025-11-18,26850,09:30:59,1.0,14:59:59,0.8,13.0,25250,09:30:59,2.45,14:59:59,2.2,16.25,29.25
2025-11-19,25938.0,2025-11-25,26700,09:30:59,4.85,14:59:59,6.15,-84.5,25150,09:30:59,8.95,14:59:59,6.8,139.75,55.25
2025-11-21,26157.2,2025-11-25,26950,09:30:59,2.0,14:59:59,1.6,26.0,25350,09:30:59,5.05,14:59:59,3.5,100.75,126.75
2025-11-24,26142.0,2025-11-25,26950,09:30:59,1.15,14:59:59,1.3,-9.75,25350,09:30:59,1.7,14:59:59,1.35,22.75,13.0
2025-11-26,26490.0,2025-12-02,27300,09:30:59,1.2,14:59:59,1.3,-6.5,25700,09:30:59,31.7,14:59:59,19.15,815.75,809.25
2025-11-28,26720.0,2025-12-02,27500,09:30:59,0.9,14:59:59,0.75,9.75,25900,09:30:59,15.5,14:59:59,11.65,250.25,260.0
2025-12-01,26764.9,2025-12-02,27550,09:30:59,0.7,14:59:59,0.7,0.0,25950,09:30:59,6.45,14:59:59,12.7,-406.25,-406.25
2025-12-03,26436.0,2025-12-09,27250,09:30:59,1.6,14:59:59,1.3,19.5,25650,09:30:59,29.1,14:59:59,24.7,286.0,305.5
2025-12-05,26485.0,2025-12-09,27300,09:30:59,0.9,14:59:59,0.7,13.0,25700,09:30:59,11.25,14:59:59,4.15,461.5,474.5
2025-12-08,26590.0,2025-12-09,27400,09:30:59,0.7,14:59:59,1.25,-35.75,25800,09:30:59,3.85,14:59:59,18.6,-958.75,-994.5
2025-12-10,26305.6,2025-12-16,27100,09:30:59,1.65,14:59:59,1.95,-19.5,25500,09:30:59,20.9,14:59:59,33.95,-848.25,-867.75
2025-12-12,26426.0,2025-12-16,27200,09:30:59,0.8,14:59:59,0.95,-9.75,25650,09:30:59,9.5,14:59:59,6.8,175.5,165.75
2025-12-15,26324.0,2025-12-16,27100,09:30:59,1.0,14:59:59,0.75,16.25,25550,09:30:59,4.7,14:59:59,2.6,136.5,152.75
2025-12-17,26272.0,2025-12-23,27050,09:30:59,1.95,14:59:59,1.95,0.0,25500,09:30:59,17.15,14:59:59,20.3,-204.75,-204.75
2025-12-19,26323.0,2025-12-23,27100,09:30:59,1.1,14:59:59,0.9,13.0,25550,09:30:59,7.95,14:59:59,5.5,159.25,172.25
2025-12-22,26480.0,2025-12-23,27250,09:30:59,0.8,14:57:59,0.65,9.75,25700,09:30:59,4.2,14:59:59,3.2,65.0,74.75
2025-12-24,26574.0,2025-12-30,27350,09:30:59,1.3,14:59:59,1.1,13.0,25800,09:30:59,10.9,14:59:59,7.85,198.25,211.25
2025-12-26,26457.6,2025-12-30,27250,09:30:59,1.0,14:59:59,1.1,-6.5,25650,09:30:59,3.1,14:59:59,3.05,3.25,-3.25
2025-12-29,26383.9,2025-12-30,27200,09:30:59,0.95,14:59:59,0.95,0.0,25600,09:30:59,1.75,14:59:59,1.85,-6.5,-6.5
2025-12-31,26312.5,2026-01-06,27100,09:30:59,1.4,14:59:59,1.2,13.0,25500,09:30:59,6.55,14:59:59,5.15,91.0,104.0
2026-01-02,26482.4,2026-01-06,27300,09:30:59,0.65,14:59:59,0.6,3.25,25700,09:30:59,3.4,14:59:59,2.85,35.75,39.0
2026-01-05,26560.0,2026-01-06,27350,09:30:59,0.8,14:59:59,0.65,9.75,25750,09:30:59,2.35,14:59:59,1.7,42.25,52.0
2026-01-07,26378.4,2026-01-13,27150,09:30:59,1.65,14:59:59,1.3,22.75,25600,09:30:59,6.05,14:59:59,4.6,94.25,117.0
2026-01-09,26115.0,2026-01-13,26900,09:30:59,1.5,14:59:59,1.9,-26.0,25350,09:30:59,6.2,14:59:59,13.7,-487.5,-513.5
2026-01-12,25819.2,2026-01-13,26600,09:30:59,2.25,14:59:59,1.45,52.0,25050,09:30:59,5.55,14:59:59,2.85,175.5,227.5
2026-01-14,25945.0,2026-01-20,26700,09:30:59,3.15,14:59:59,2.05,71.5,25150,09:30:59,14.95,14:59:59,13.65,84.5,156.0
2026-01-16,25922.5,2026-01-20,26700,09:30:59,1.7,14:59:59,1.35,22.75,25150,09:30:59,6.25,14:59:59,5.5,48.75,71.5
2026-01-19,25725.6,2026-01-20,26500,09:30:59,1.7,14:59:59,1.2,32.5,24950,09:30:59,3.45,14:59:59,2.2,81.25,113.75
2026-01-21,25425.8,2026-01-27,26200,09:30:59,5.85,14:59:59,3.8,133.25,24650,09:30:59,24.9,14:59:59,33.55,-562.25,-429.0
2026-01-23,25480.1,2026-01-27,26250,09:30:59,2.35,14:59:59,2.2,9.75,24700,09:30:59,8.2,14:59:59,11.85,-237.25,-227.5
2026-01-28,25476.0,2026-02-03,26250,09:30:59,22.1,14:59:59,13.8,539.5,24700,09:30:59,56.2,14:59:59,41.75,939.25,1478.75
2026-01-30,25330.4,2026-02-03,26100,09:30:59,15.8,14:59:59,21.85,-393.25,24550,09:30:59,29.9,14:59:59,23.7,403.0,9.75
2026-02-01,25383.8,2026-02-03,26150,09:30:59,19.95,14:59:59,3.75,1053.0,24600,09:30:59,29.85,14:59:59,71.65,-2717.0,-1664.0
2026-02-02,24944.5,2026-02-03,25700,09:30:59,6.5,14:59:59,2.35,269.75,24200,09:30:59,18.5,14:59:59,3.7,962.0,1231.75
2026-02-04,25829.0,2026-02-10,26600,09:30:59,12.7,14:59:59,9.55,204.75,25050,09:30:59,24.2,14:59:59,16.15,523.25,728.0
2026-02-06,25653.0,2026-02-10,26400,09:30:59,5.05,14:59:59,5.45,-26.0,24900,09:30:59,9.15,14:59:59,9.0,9.75,-16.25
2026-02-09,25894.0,2026-02-10,26650,09:30:59,2.45,14:59:59,2.6,-9.75,25100,09:30:59,4.95,14:59:59,5.9,-61.75,-71.5
2026-02-11,26045.0,2026-02-17,26850,09:30:59,4.55,14:59:59,4.3,16.25,25250,09:30:59,10.6,14:59:59,11.95,-87.75,-71.5
2026-02-13,25630.0,2026-02-17,26400,09:30:59,5.9,14:59:59,6.45,-35.75,24850,09:30:59,7.7,14:59:59,8.8,-71.5,-107.25
2026-02-16,25526.0,2026-02-17,26300,09:30:59,3.4,14:59:59,4.0,-39.0,24750,09:30:59,5.75,14:59:59,6.45,-45.5,-84.5
2026-02-18,25736.0,2026-02-24,26500,09:30:59,6.55,14:59:59,5.7,55.25,24950,09:30:59,12.35,14:59:59,12.65,-19.5,35.75
2026-02-20,25440.0,2026-02-24,26200,09:30:59,7.0,14:59:59,9.4,-156.0,24700,09:30:59,16.05,14:59:59,12.7,217.75,61.75
2026-02-23,25770.0,2026-02-24,26550,09:30:59,2.45,14:59:59,2.0,29.25,25000,09:30:59,9.3,14:59:59,7.75,100.75,130.0
2026-02-25,26033.6,2026-03-02,26800,09:30:59,2.75,14:59:59,2.05,45.5,25250,09:30:59,39.95,14:59:59,67.65,-1800.5,-1755.0
2026-02-27,25784.0,2026-03-02,26550,09:30:59,1.75,14:59:59,1.95,-13.0,25000,09:30:59,21.6,14:59:59,21.05,35.75,22.75
2026-03-02,25330.0,2026-03-10,26100,09:30:59,9.9,14:59:59,6.15,243.75,24550,09:30:59,132.4,14:59:59,171.2,-2522.0,-2278.25
2026-03-04,24747.8,2026-03-10,25500,09:30:59,21.3,14:59:59,32.0,-695.5,24000,09:30:59,187.0,14:59:59,157.1,1943.5,1248.0
2026-03-06,25000.2,2026-03-10,25750,09:30:59,5.25,14:59:59,4.05,78.0,24250,09:30:59,92.25,14:59:59,162.0,-4533.75,-4455.75
2026-03-09,24150.0,2026-03-10,24850,09:30:59,12.0,14:59:59,11.7,19.5,23450,09:30:59,104.9,14:59:59,50.3,3549.0,3568.5
2026-03-11,24584.5,2026-03-17,25300,09:30:59,11.6,14:59:59,9.6,130.0,23850,09:30:59,120.0,14:59:59,288.4,-10946.0,-10816.0
2026-03-13,23831.5,2026-03-17,24550,09:30:59,12.15,14:59:59,8.45,240.5,23100,09:30:59,100.0,14:59:59,214.05,-7413.25,-7172.75
2026-03-16,23550.8,2026-03-17,24250,09:30:59,5.35,14:59:59,5.85,-32.5,22850,09:30:59,63.05,14:59:59,29.6,2174.25,2141.75
2026-03-18,24027.6,2026-03-24,24750,09:30:59,8.8,14:59:59,11.3,-162.5,23300,09:30:59,96.4,14:59:59,80.65,1023.75,861.25
2026-03-20,23593.0,2026-03-24,24300,09:30:59,12.25,14:59:59,8.25,260.0,22900,09:30:59,112.9,14:59:59,179.95,-4358.25,-4098.25
2026-03-23,23008.8,2026-03-24,23700,09:30:59,8.35,14:59:59,6.55,117.0,22300,09:30:59,90.85,14:59:59,98.65,-507.0,-390.0
2026-03-25,23468.7,2026-03-30,24150,09:30:59,29.95,14:59:59,33.1,-204.75,22750,09:30:59,139.25,14:59:59,106.5,2128.75,1924.0
2026-03-27,23294.8,2026-03-30,24000,09:30:59,13.1,14:59:59,8.8,279.5,22600,09:30:59,111.65,14:59:59,124.4,-828.75,-549.25
2026-03-30,22814.2,2026-04-07,23500,09:30:59,109.75,14:59:59,49.2,3935.75,22150,09:30:59,286.7,14:59:59,294.9,-533.0,3402.75
2026-04-01,23110.0,2026-04-07,23800,09:30:59,50.2,14:59:59,24.15,1693.25,22400,09:30:59,131.75,14:59:59,186.7,-3571.75,-1878.5
2026-04-06,22814.2,2026-04-07,23500,09:30:59,10.85,14:59:59,24.25,-871.0,22150,09:30:59,72.3,14:59:59,21.45,3305.25,2434.25
2026-04-08,24043.9,2026-04-13,24750,09:30:59,22.4,14:59:59,20.0,156.0,23300,09:30:59,67.5,14:59:59,43.2,1579.5,1735.5
2026-04-10,24120.0,2026-04-13,24850,09:30:59,4.0,14:59:59,3.35,42.25,23400,09:30:59,26.35,14:59:59,17.6,568.75,611.0
2026-04-13,23786.2,2026-04-21,24500,09:30:59,36.8,14:59:59,61.1,-1579.5,23050,09:30:59,128.05,14:59:59,72.8,3591.25,2011.75
2026-04-15,24349.1,2026-04-21,25100,09:30:59,10.75,14:59:59,8.95,117.0,23600,09:30:59,62.85,14:59:59,49.95,838.5,955.5
2026-04-17,24344.6,2026-04-21,25050,09:30:59,5.1,14:59:59,5.8,-45.5,23600,09:30:59,28.25,14:59:59,13.4,965.25,919.75
