date,expiry,dow,distance_pct,ce_strike,pe_strike,spot,combined_entry,ce_entry,pe_entry,entry_hits_target_prem,mae_rs_per_share,mfe_rs_per_share,mae_breached_stop,same_day_exit,same_day_gross,same_day_net,overnight_exit,overnight_gross,overnight_net,expired_worthless,status
2025-04-23,2025-04-24,Wednesday,1.0,24800,24300,24550.0,79.15,5.5,73.65,1,129.85,25.8,1,62.65,1073.0,673.0,52.55,1729.0,1329.0,0,ok
2025-04-23,2025-04-24,Wednesday,1.5,24900,24200,24550.0,40.6,3.6,37.0,0,90.55,16.8,1,27.5,852.0,452.0,0.25,2623.0,2223.0,1,ok
2025-04-23,2025-04-24,Wednesday,2.0,25050,24050,24550.0,17.35,2.15,15.2,0,39.4,3.55,1,15.9,94.0,-306.0,0.15000000000000002,1118.0,718.0,1,ok
2025-04-23,2025-04-24,Wednesday,2.5,25150,23950,24550.0,11.9,1.75,10.15,0,22.25,0.35,1,13.65,-114.0,-514.0,0.15000000000000002,764.0,364.0,1,ok
2025-04-23,2025-04-24,Wednesday,3.0,25300,23800,24550.0,7.85,1.35,6.5,0,11.05,0.0,0,11.45,-234.0,-634.0,0.1,504.0,104.0,1,ok
2025-04-23,2025-04-24,Wednesday,4.0,25550,23550,24550.0,5.1,1.1,4.0,0,4.9,0.1,0,8.2,-201.0,-602.0,0.15000000000000002,322.0,-78.0,1,ok
2025-04-23,2025-04-24,Wednesday,5.0,25800,23300,24550.0,3.65,0.9,2.75,0,3.0,0.15,0,5.3,-107.0,-507.0,0.1,231.0,-169.0,1,ok
2025-04-29,2025-04-30,Tuesday,1.0,24850,24350,24601.6,78.1,4.85,73.25,1,35.25,22.35,1,78.4,-19.0,-419.0,2.1999999999999997,4933.0,4533.0,0,ok
2025-04-29,2025-04-30,Tuesday,1.5,24950,24250,24601.6,44.4,3.4,41.0,0,20.05,17.6,1,36.3,527.0,127.0,0.25,2870.0,2470.0,1,ok
2025-04-29,2025-04-30,Tuesday,2.0,25100,24100,24601.6,22.15,2.15,20.0,0,9.75,7.55,0,17.9,276.0,-124.0,0.2,1427.0,1027.0,1,ok
2025-04-29,2025-04-30,Tuesday,2.5,25200,24000,24601.6,16.6,1.75,14.85,0,7.4,4.2,0,14.55,133.0,-267.0,0.2,1066.0,666.0,1,ok
2025-04-29,2025-04-30,Tuesday,3.0,25350,23850,24601.6,12.5,1.4,11.1,0,5.55,2.4,0,11.65,55.0,-345.0,0.1,806.0,406.0,1,ok
2025-04-29,2025-04-30,Tuesday,4.0,25600,23600,24601.6,8.8,1.05,7.75,0,3.9,1.15,0,8.45,23.0,-377.0,0.1,566.0,166.0,1,ok
2025-04-29,2025-04-30,Tuesday,5.0,25850,23350,24601.6,6.55,0.85,5.7,0,2.65,0.55,0,6.35,13.0,-387.0,0.1,419.0,19.0,1,ok
2025-05-07,2025-05-08,Wednesday,1.0,24700,24200,24454.1,50.95,7.95,43.0,0,11.2,21.3,0,41.55,611.0,211.0,0.55,3276.0,2876.0,1,ok
2025-05-07,2025-05-08,Wednesday,1.5,24800,24100,24454.1,38.55,4.85,33.7,0,8.1,15.8,0,33.25,345.0,-55.0,0.35,2483.0,2083.0,1,ok
2025-05-07,2025-05-08,Wednesday,2.0,24950,23950,24454.1,29.05,2.75,26.3,0,6.0,11.55,0,26.0,198.0,-202.0,0.3,1869.0,1469.0,1,ok
2025-05-07,2025-05-08,Wednesday,2.5,25050,23850,24454.1,25.05,2.15,22.9,0,5.25,9.65,0,22.8,146.0,-254.0,0.25,1612.0,1212.0,1,ok
2025-05-07,2025-05-08,Wednesday,3.0,25200,23700,24454.1,20.9,1.55,19.35,0,4.35,8.1,0,18.8,137.0,-263.0,0.2,1346.0,946.0,1,ok
2025-05-07,2025-05-08,Wednesday,4.0,25450,23500,24454.1,17.05,1.3,15.75,0,3.15,6.45,0,14.8,146.0,-254.0,0.15000000000000002,1099.0,699.0,1,ok
2025-05-07,2025-05-08,Wednesday,5.0,25700,23250,24454.1,13.8,1.1,12.7,0,1.85,5.75,0,10.95,185.0,-215.0,0.15000000000000002,887.0,487.0,1,ok
2025-05-14,2025-05-15,Wednesday,1.0,25050,24550,24782.9,67.05,19.2,47.85,0,74.55,12.95,1,68.95,-124.0,-524.0,15.4,3357.0,2957.0,0,ok
2025-05-14,2025-05-15,Wednesday,1.5,25150,24400,24782.9,31.75,10.95,20.8,0,37.65,7.25,1,29.3,159.0,-241.0,0.15000000000000002,2054.0,1654.0,1,ok
2025-05-14,2025-05-15,Wednesday,2.0,25300,24300,24782.9,17.55,4.9,12.65,0,23.1,4.1,1,16.4,75.0,-325.0,0.1,1134.0,734.0,1,ok
2025-05-14,2025-05-15,Wednesday,2.5,25400,24150,24782.9,9.65,3.25,6.4,0,8.85,3.2,0,7.95,111.0,-289.0,0.1,621.0,221.0,1,ok
2025-05-14,2025-05-15,Wednesday,3.0,25550,24050,24782.9,6.45,2.05,4.4,0,4.65,1.7,0,5.75,46.0,-354.0,0.15000000000000002,410.0,10.0,1,ok
2025-05-14,2025-05-15,Wednesday,4.0,25750,23800,24782.9,3.5,1.3,2.2,0,0.8,0.8,0,3.2,19.0,-380.0,0.1,221.0,-179.0,1,ok
2025-05-14,2025-05-15,Wednesday,5.0,26000,23550,24782.9,2.65,1.05,1.6,0,0.15,0.7,0,2.2,29.0,-371.0,0.1,166.0,-234.0,1,ok
2025-05-21,2025-05-22,Wednesday,1.0,25350,24850,25119.0,152.1,12.25,139.85,1,87.7,56.0,1,153.3,-78.0,-478.0,241.20000000000002,-5792.0,-6192.0,0,ok
2025-05-21,2025-05-22,Wednesday,1.5,25500,24750,25119.0,97.6,5.9,91.7,1,72.1,40.25,1,97.15,29.0,-371.0,140.55,-2792.0,-3192.0,0,ok
2025-05-21,2025-05-22,Wednesday,2.0,25600,24600,25119.0,49.15,3.55,45.6,0,47.05,19.4,1,46.5,172.0,-228.0,0.15000000000000002,3185.0,2785.0,1,ok
2025-05-21,2025-05-22,Wednesday,2.5,25750,24500,25119.0,29.6,1.95,27.65,0,31.35,11.45,1,26.4,208.0,-192.0,0.1,1917.0,1517.0,1,ok
2025-05-21,2025-05-22,Wednesday,3.0,25850,24350,25119.0,14.7,1.5,13.2,0,16.1,5.3,0,11.0,240.0,-160.0,0.15000000000000002,946.0,546.0,1,ok
2025-05-21,2025-05-22,Wednesday,4.0,26100,24100,25119.0,5.65,1.05,4.6,0,3.85,2.0,0,3.8,120.0,-280.0,0.15000000000000002,357.0,-43.0,1,ok
2025-05-21,2025-05-22,Wednesday,5.0,26350,23850,25119.0,3.05,0.95,2.1,0,0.45,1.1,0,2.05,65.0,-335.0,0.1,192.0,-208.0,1,ok
2025-05-28,2025-05-29,Wednesday,1.0,25050,24550,24794.5,127.4,69.6,57.8,1,9.75,67.75,0,69.2,3783.0,3383.0,0.1,8274.0,7874.0,1,ok
2025-05-28,2025-05-29,Wednesday,1.5,25150,24400,24794.5,74.55,48.25,26.3,0,5.55,44.15,0,35.3,2551.0,2151.0,0.2,4833.0,4433.0,1,ok
2025-05-28,2025-05-29,Wednesday,2.0,25300,24300,24794.5,41.3,25.9,15.4,0,4.35,26.2,0,18.25,1498.0,1098.0,0.1,2678.0,2278.0,1,ok
2025-05-28,2025-05-29,Wednesday,2.5,25400,24150,24794.5,23.25,16.45,6.8,0,4.65,14.8,0,9.55,890.0,490.0,0.2,1498.0,1098.0,1,ok
2025-05-28,2025-05-29,Wednesday,3.0,25550,24050,24794.5,12.55,8.1,4.45,0,2.1,7.4,0,6.05,423.0,23.0,0.2,803.0,403.0,1,ok
2025-05-28,2025-05-29,Wednesday,4.0,25800,23800,24794.5,4.55,2.7,1.85,0,0.35,2.05,0,3.0,101.0,-299.0,0.15000000000000002,286.0,-114.0,1,ok
2025-05-28,2025-05-29,Wednesday,5.0,26050,23550,24794.5,2.95,1.65,1.3,0,0.1,1.1,0,2.2,49.0,-351.0,0.15000000000000002,182.0,-218.0,1,ok
2025-06-04,2025-06-05,Wednesday,1.0,25150,24700,24925.0,183.25,6.95,176.3,1,1.75,61.35,0,141.75,2698.0,2298.0,0.2,11898.0,11498.0,1,ok
2025-06-04,2025-06-05,Wednesday,1.5,25300,24550,24925.0,81.7,3.65,78.05,1,1.25,37.75,0,54.35,1778.0,1378.0,0.15000000000000002,5301.0,4901.0,1,ok
2025-06-04,2025-06-05,Wednesday,2.0,25400,24450,24925.0,42.7,2.45,40.25,0,0.6,21.7,0,26.9,1027.0,627.0,0.1,2769.0,2369.0,1,ok
2025-06-04,2025-06-05,Wednesday,2.5,25550,24300,24925.0,17.25,1.7,15.55,0,0.2,8.65,0,10.3,452.0,52.0,0.1,1115.0,715.0,1,ok
2025-06-04,2025-06-05,Wednesday,3.0,25650,24200,24925.0,10.7,1.35,9.35,0,0.15,5.25,0,6.4,279.0,-121.0,0.1,689.0,289.0,1,ok
2025-06-04,2025-06-05,Wednesday,4.0,25900,23950,24925.0,3.8,0.9,2.9,0,0.1,1.6,0,2.65,75.0,-325.0,0.1,240.0,-160.0,1,ok
2025-06-04,2025-06-05,Wednesday,5.0,26150,23700,24925.0,1.9,0.8,1.1,0,0.1,0.65,0,1.8,7.0,-394.0,0.1,117.0,-283.0,1,ok
2025-06-11,2025-06-12,Wednesday,1.0,25700,25200,25449.8,109.05,1.9,107.15,1,20.75,37.85,1,108.15,59.0,-341.0,312.2,-13205.0,-13605.0,0,ok
2025-06-11,2025-06-12,Wednesday,1.5,25850,25050,25449.8,39.45,1.15,38.3,0,14.9,14.35,0,40.35,-59.0,-459.0,162.8,-8018.0,-8418.0,0,ok
2025-06-11,2025-06-12,Wednesday,2.0,25950,24950,25449.8,20.95,1.0,19.95,0,8.2,7.25,0,20.8,10.0,-390.0,62.199999999999996,-2681.0,-3081.0,0,ok
2025-06-11,2025-06-12,Wednesday,2.5,26100,24800,25449.8,9.8,0.85,8.95,0,2.85,3.1,0,9.3,32.0,-368.0,0.1,630.0,230.0,1,ok
2025-06-11,2025-06-12,Wednesday,3.0,26200,24700,25449.8,6.35,0.75,5.6,0,1.3,1.75,0,6.0,23.0,-377.0,0.1,406.0,6.0,1,ok
2025-06-11,2025-06-12,Wednesday,4.0,26450,24450,25449.8,2.8,0.65,2.15,0,0.2,0.7,0,2.75,3.0,-397.0,0.1,175.0,-225.0,1,ok
2025-06-11,2025-06-12,Wednesday,5.0,26700,24200,25449.8,1.8,0.55,1.25,0,0.4,0.3,0,1.95,-10.0,-410.0,0.15000000000000002,107.0,-293.0,1,ok
2025-06-18,2025-06-19,Wednesday,1.0,25450,24900,25173.3,89.35,2.7,86.65,1,89.9,10.25,1,150.1,-3949.0,-4349.0,104.6,-991.0,-1391.0,0,ok
2025-06-18,2025-06-19,Wednesday,1.5,25550,24800,25173.3,53.35,1.7,51.65,0,61.4,6.95,1,87.15,-2197.0,-2597.0,4.0,3208.0,2808.0,0,ok
2025-06-18,2025-06-19,Wednesday,2.0,25700,24650,25173.3,24.3,1.05,23.25,0,29.65,3.7,1,36.7,-806.0,-1206.0,0.15000000000000002,1570.0,1170.0,1,ok
2025-06-18,2025-06-19,Wednesday,2.5,25800,24550,25173.3,15.1,0.95,14.15,0,16.9,2.3,0,21.85,-439.0,-839.0,0.2,968.0,568.0,1,ok
2025-06-18,2025-06-19,Wednesday,3.0,25950,24400,25173.3,8.15,0.85,7.3,0,7.0,1.2,0,10.35,-143.0,-543.0,0.1,523.0,123.0,1,ok
2025-06-18,2025-06-19,Wednesday,4.0,26200,24150,25173.3,4.1,0.65,3.45,0,1.3,0.65,0,4.0,7.0,-393.0,0.1,260.0,-140.0,1,ok
2025-06-18,2025-06-19,Wednesday,5.0,26450,23900,25173.3,2.85,0.65,2.2,0,0.15,0.8,0,2.75,7.0,-394.0,0.1,179.0,-221.0,1,ok
2025-06-25,2025-06-26,Wednesday,1.0,25550,25050,25319.0,41.7,8.4,33.3,0,4.6,16.75,0,28.9,832.0,432.0,2.15,2571.0,2171.0,0,ok
2025-06-25,2025-06-26,Wednesday,1.5,25700,24950,25319.0,21.95,2.95,19.0,0,2.75,8.05,0,16.35,364.0,-36.0,0.1,1420.0,1020.0,1,ok
2025-06-25,2025-06-26,Wednesday,2.0,25850,24800,25319.0,10.45,1.45,9.0,0,1.2,2.4,0,8.9,101.0,-299.0,0.1,673.0,273.0,1,ok
2025-06-25,2025-06-26,Wednesday,2.5,25950,24700,25319.0,7.0,1.15,5.85,0,0.7,0.9,0,6.65,23.0,-377.0,0.1,448.0,48.0,1,ok
2025-06-25,2025-06-26,Wednesday,3.0,26100,24550,25319.0,4.3,0.85,3.45,0,1.1,0.2,0,4.8,-32.0,-432.0,0.15000000000000002,270.0,-130.0,1,ok
2025-06-25,2025-06-26,Wednesday,4.0,26350,24300,25319.0,2.65,0.75,1.9,0,1.25,0.1,0,3.4,-49.0,-449.0,0.1,166.0,-234.0,1,ok
2025-06-25,2025-06-26,Wednesday,5.0,26600,24050,25319.0,2.0,0.65,1.35,0,1.05,0.1,0,2.5,-32.0,-432.0,0.1,124.0,-276.0,1,ok
2025-07-02,2025-07-03,Wednesday,1.0,26000,25500,25748.0,59.85,2.85,57.0,0,84.9,0.3,1,97.75,-2464.0,-2864.0,94.64999999999999,-2262.0,-2662.0,0,ok
2025-07-02,2025-07-03,Wednesday,1.5,26150,25350,25748.0,21.55,1.45,20.1,0,40.75,0.25,1,30.6,-588.0,-988.0,0.1,1394.0,994.0,1,ok
2025-07-02,2025-07-03,Wednesday,2.0,26250,25250,25748.0,11.05,1.05,10.0,0,22.15,0.05,1,15.05,-260.0,-660.0,0.1,712.0,312.0,1,ok
2025-07-02,2025-07-03,Wednesday,2.5,26400,25100,25748.0,4.85,0.85,4.0,0,7.85,0.3,0,5.1,-16.0,-416.0,0.1,309.0,-91.0,1,ok
2025-07-02,2025-07-03,Wednesday,3.0,26500,25000,25748.0,3.5,0.85,2.65,0,3.8,0.3,0,3.3,13.0,-387.0,0.1,221.0,-179.0,1,ok
2025-07-02,2025-07-03,Wednesday,4.0,26800,24700,25748.0,1.85,0.6,1.25,0,0.35,0.4,0,1.45,26.0,-374.0,0.1,114.0,-286.0,1,ok
2025-07-02,2025-07-03,Wednesday,5.0,27050,24450,25748.0,1.65,0.65,1.0,0,0.0,0.55,0,1.15,32.0,-368.0,0.1,101.0,-299.0,1,ok
2025-07-09,2025-07-10,Wednesday,1.0,25950,25450,25710.5,41.2,3.15,38.05,0,27.85,10.9,1,49.8,-559.0,-959.0,88.39999999999999,-3068.0,-3468.0,0,ok
2025-07-09,2025-07-10,Wednesday,1.5,26100,25300,25710.5,13.5,1.3,12.2,0,13.65,2.65,0,17.7,-273.0,-673.0,0.1,871.0,471.0,1,ok
2025-07-09,2025-07-10,Wednesday,2.0,26200,25200,25710.5,7.2,1.0,6.2,0,8.25,0.95,0,9.55,-153.0,-553.0,0.1,462.0,62.0,1,ok
2025-07-09,2025-07-10,Wednesday,2.5,26350,25050,25710.5,3.75,0.8,2.95,0,2.85,0.4,0,4.55,-52.0,-452.0,0.1,237.0,-163.0,1,ok
2025-07-09,2025-07-10,Wednesday,3.0,26500,24950,25710.5,2.85,0.7,2.15,0,1.0,0.3,0,3.15,-20.0,-420.0,0.1,179.0,-221.0,1,ok
2025-07-09,2025-07-10,Wednesday,4.0,26750,24700,25710.5,1.9,0.6,1.3,0,0.1,0.35,0,1.75,10.0,-390.0,0.1,117.0,-283.0,1,ok
2025-07-09,2025-07-10,Wednesday,5.0,27000,24400,25710.5,1.4,0.45,0.95,0,0.1,0.25,0,1.3,6.0,-394.0,0.1,84.0,-316.0,1,ok
2025-07-16,2025-07-17,Wednesday,1.0,25700,25200,25456.7,86.2,1.7,84.5,1,19.6,50.75,1,45.65,2636.0,2236.0,87.85,-107.0,-507.0,0,ok
2025-07-16,2025-07-17,Wednesday,1.5,25850,25050,25456.7,27.55,1.1,26.45,0,8.4,16.3,0,13.6,907.0,507.0,0.1,1784.0,1384.0,1,ok
2025-07-16,2025-07-17,Wednesday,2.0,25950,24950,25456.7,13.5,1.0,12.5,0,3.45,6.95,0,7.5,390.0,-10.0,0.1,871.0,471.0,1,ok
2025-07-16,2025-07-17,Wednesday,2.5,26100,24800,25456.7,4.9,0.85,4.05,0,0.75,1.85,0,3.55,88.0,-312.0,0.1,312.0,-88.0,1,ok
2025-07-16,2025-07-17,Wednesday,3.0,26200,24700,25456.7,2.95,0.75,2.2,0,0.1,0.85,0,2.45,32.0,-368.0,0.1,185.0,-215.0,1,ok
2025-07-16,2025-07-17,Wednesday,4.0,26450,24450,25456.7,1.8,0.65,1.15,0,0.2,0.35,0,1.75,3.0,-397.0,0.1,110.0,-290.0,1,ok
2025-07-16,2025-07-17,Wednesday,5.0,26750,24200,25456.7,1.3,0.5,0.8,0,0.3,0.15,0,1.4,-6.0,-406.0,0.1,78.0,-322.0,1,ok
2025-07-23,2025-07-24,Wednesday,1.0,25650,25150,25394.5,76.75,1.4,75.35,0,14.55,56.2,0,22.1,3552.0,3152.0,87.7,-712.0,-1112.0,0,ok
2025-07-23,2025-07-24,Wednesday,1.5,25800,25000,25394.5,23.45,1.0,22.45,0,4.65,16.5,0,7.3,1050.0,650.0,0.1,1518.0,1118.0,1,ok
2025-07-23,2025-07-24,Wednesday,2.0,25900,24900,25394.5,11.2,0.85,10.35,0,1.85,6.9,0,4.45,439.0,39.0,0.1,722.0,322.0,1,ok
2025-07-23,2025-07-24,Wednesday,2.5,26050,24750,25394.5,3.95,0.7,3.25,0,0.35,1.35,0,2.6,88.0,-312.0,0.1,250.0,-150.0,1,ok
2025-07-23,2025-07-24,Wednesday,3.0,26150,24650,25394.5,2.35,0.6,1.75,0,0.35,0.3,0,2.15,13.0,-387.0,0.1,146.0,-254.0,1,ok
2025-07-23,2025-07-24,Wednesday,4.0,26400,24400,25394.5,1.45,0.45,1.0,0,0.55,0.15,0,1.75,-20.0,-420.0,0.1,88.0,-312.0,1,ok
2025-07-23,2025-07-24,Wednesday,5.0,26650,24100,25394.5,1.2,0.4,0.8,0,0.45,0.15,0,1.45,-16.0,-416.0,0.1,72.0,-328.0,1,ok
2025-07-30,2025-07-31,Wednesday,1.0,25100,24600,24830.1,22.7,10.7,12.0,0,5.6,7.65,0,16.0,435.0,35.0,0.15000000000000002,1466.0,1066.0,1,ok
2025-07-30,2025-07-31,Wednesday,1.5,25200,24450,24830.1,10.2,5.45,4.75,0,3.6,2.65,0,7.95,146.0,-254.0,0.2,650.0,250.0,1,ok
2025-07-30,2025-07-31,Wednesday,2.0,25350,24350,24830.1,5.3,2.4,2.9,0,1.0,1.25,0,4.3,65.0,-335.0,0.1,338.0,-62.0,1,ok
2025-07-30,2025-07-31,Wednesday,2.5,25450,24200,24830.1,3.4,1.6,1.8,0,0.55,0.45,0,3.15,16.0,-384.0,0.1,215.0,-185.0,1,ok
2025-07-30,2025-07-31,Wednesday,3.0,25600,24100,24830.1,2.65,1.15,1.5,0,0.5,0.35,0,2.6,3.0,-397.0,0.1,166.0,-234.0,1,ok
2025-07-30,2025-07-31,Wednesday,4.0,25800,23850,24830.1,2.0,0.9,1.1,0,0.35,0.3,0,2.0,0.0,-400.0,0.15000000000000002,120.0,-280.0,1,ok
2025-07-30,2025-07-31,Wednesday,5.0,26050,23600,24830.1,1.4,0.6,0.8,0,0.4,0.15,0,1.55,-10.0,-410.0,0.1,84.0,-316.0,1,ok
2025-08-06,2025-08-07,Wednesday,1.0,24950,24450,24707.4,37.05,11.3,25.75,0,7.35,15.5,0,31.95,331.0,-69.0,0.1,2402.0,2002.0,1,ok
2025-08-06,2025-08-07,Wednesday,1.5,25100,24350,24707.4,16.5,3.55,12.95,0,6.2,6.75,0,15.9,39.0,-361.0,0.1,1066.0,666.0,1,ok
2025-08-06,2025-08-07,Wednesday,2.0,25200,24200,24707.4,7.1,2.05,5.05,0,2.25,2.55,0,7.15,-3.0,-403.0,0.1,455.0,55.0,1,ok
2025-08-06,2025-08-07,Wednesday,2.5,25350,24100,24707.4,4.2,1.2,3.0,0,1.2,1.15,0,4.4,-13.0,-413.0,0.1,267.0,-133.0,1,ok
2025-08-06,2025-08-07,Wednesday,3.0,25450,23950,24707.4,2.9,1.0,1.9,0,0.4,0.7,0,2.9,-0.0,-400.0,0.1,182.0,-218.0,1,ok
2025-08-06,2025-08-07,Wednesday,4.0,25700,23700,24707.4,1.85,0.7,1.15,0,0.15,0.3,0,1.6,16.0,-384.0,0.15000000000000002,110.0,-290.0,1,ok
2025-08-06,2025-08-07,Wednesday,5.0,25950,23450,24707.4,1.35,0.5,0.85,0,0.15,0.2,0,1.3,3.0,-397.0,0.1,81.0,-319.0,1,ok
2025-08-13,2025-08-14,Wednesday,1.0,25050,24550,24820.0,47.55,2.6,44.95,0,16.65,25.4,0,29.4,1180.0,780.0,0.15000000000000002,3081.0,2681.0,1,ok
2025-08-13,2025-08-14,Wednesday,1.5,25200,24450,24820.0,23.85,1.3,22.55,0,7.9,13.0,0,13.5,673.0,273.0,0.1,1544.0,1144.0,1,ok
2025-08-13,2025-08-14,Wednesday,2.0,25300,24300,24820.0,9.2,1.1,8.1,0,2.35,3.7,0,5.95,211.0,-189.0,0.1,592.0,192.0,1,ok
2025-08-13,2025-08-14,Wednesday,2.5,25450,24200,24820.0,5.25,0.85,4.4,0,1.25,1.3,0,4.05,78.0,-322.0,0.1,335.0,-65.0,1,ok
2025-08-13,2025-08-14,Wednesday,3.0,25550,24100,24820.0,3.55,0.85,2.7,0,0.7,0.55,0,3.0,36.0,-364.0,0.1,224.0,-176.0,1,ok
2025-08-13,2025-08-14,Wednesday,4.0,25800,23850,24820.0,2.15,0.6,1.55,0,0.4,0.25,0,1.9,16.0,-384.0,0.1,133.0,-267.0,1,ok
2025-08-13,2025-08-14,Wednesday,5.0,26050,23600,24820.0,1.6,0.5,1.1,0,0.45,0.15,0,1.5,7.0,-394.0,0.1,98.0,-302.0,1,ok
2025-08-20,2025-08-21,Wednesday,1.0,25500,25000,25263.0,83.65,1.35,82.3,1,1.0,54.25,0,35.95,3100.0,2700.0,0.1,5431.0,5031.0,1,ok
2025-08-20,2025-08-21,Wednesday,1.5,25650,24900,25263.0,39.9,0.95,38.95,0,0.8,26.05,0,16.6,1515.0,1115.0,0.1,2587.0,2187.0,1,ok
2025-08-20,2025-08-21,Wednesday,2.0,25750,24750,25263.0,11.85,0.85,11.0,0,0.3,6.75,0,6.25,364.0,-36.0,0.1,764.0,364.0,1,ok
2025-08-20,2025-08-21,Wednesday,2.5,25900,24650,25263.0,5.85,0.7,5.15,0,0.2,2.3,0,4.0,120.0,-280.0,0.1,374.0,-26.0,1,ok
2025-08-20,2025-08-21,Wednesday,3.0,26000,24500,25263.0,3.25,0.65,2.6,0,0.1,0.8,0,2.55,45.0,-354.0,0.1,205.0,-195.0,1,ok
2025-08-20,2025-08-21,Wednesday,4.0,26250,24250,25263.0,2.1,0.55,1.55,0,0.05,0.4,0,1.8,20.0,-380.0,0.1,130.0,-270.0,1,ok
2025-08-20,2025-08-21,Wednesday,5.0,26550,24000,25263.0,1.6,0.4,1.2,0,0.15,0.25,0,1.35,16.0,-384.0,0.1,98.0,-302.0,1,ok
2025-09-01,2025-09-02,Monday,1.0,25150,24650,24919.4,111.85,1.1,110.75,1,29.6,54.15,1,61.05,3302.0,2902.0,69.5,2753.0,2353.0,0,ok
2025-09-01,2025-09-02,Monday,1.5,25300,24550,24919.4,54.95,1.0,53.95,0,20.8,31.05,1,27.1,1810.0,1410.0,0.1,3565.0,3165.0,1,ok
2025-09-01,2025-09-02,Monday,2.0,25400,24400,24919.4,16.1,0.9,15.2,0,7.55,8.35,0,9.0,461.0,61.0,0.1,1040.0,640.0,1,ok
2025-09-01,2025-09-02,Monday,2.5,25550,24300,24919.4,7.2,0.85,6.35,0,3.5,2.75,0,5.0,143.0,-257.0,0.1,462.0,62.0,1,ok
2025-09-01,2025-09-02,Monday,3.0,25650,24150,24919.4,3.5,0.75,2.75,0,1.05,0.5,0,3.25,16.0,-384.0,0.1,221.0,-179.0,1,ok
2025-09-01,2025-09-02,Monday,4.0,25900,23900,24919.4,2.15,0.6,1.55,0,0.3,0.25,0,2.25,-7.0,-406.0,0.1,133.0,-267.0,1,ok
2025-09-01,2025-09-02,Monday,5.0,26150,23650,24919.4,1.85,0.55,1.3,0,0.25,0.2,0,1.85,0.0,-400.0,0.1,114.0,-286.0,1,ok
2025-09-08,2025-09-09,Monday,1.0,25150,24650,24914.5,17.95,3.5,14.45,0,6.7,6.65,0,19.05,-71.0,-471.0,0.1,1160.0,760.0,1,ok
2025-09-08,2025-09-09,Monday,1.5,25300,24550,24914.5,8.6,1.45,7.15,0,3.8,2.5,0,9.95,-88.0,-488.0,0.1,552.0,152.0,1,ok
2025-09-08,2025-09-09,Monday,2.0,25400,24400,24914.5,4.55,1.05,3.5,0,1.8,0.75,0,4.9,-23.0,-423.0,0.1,289.0,-111.0,1,ok
2025-09-08,2025-09-09,Monday,2.5,25550,24300,24914.5,3.45,0.85,2.6,0,1.0,0.5,0,3.3,10.0,-390.0,0.1,218.0,-182.0,1,ok
2025-09-08,2025-09-09,Monday,3.0,25650,24150,24914.5,2.65,0.75,1.9,0,0.7,0.35,0,2.4,16.0,-384.0,0.1,166.0,-234.0,1,ok
2025-09-08,2025-09-09,Monday,4.0,25900,23900,24914.5,2.2,0.65,1.55,0,0.3,0.6,0,1.65,36.0,-364.0,0.1,136.0,-264.0,1,ok
2025-09-08,2025-09-09,Monday,5.0,26150,23650,24914.5,1.55,0.4,1.15,0,0.5,0.25,0,1.4,10.0,-390.0,0.1,94.0,-306.0,1,ok
2025-09-15,2025-09-16,Monday,1.0,25550,25050,25290.0,40.45,1.45,39.0,0,6.5,14.85,0,31.6,575.0,175.0,0.15000000000000002,2620.0,2220.0,1,ok
2025-09-15,2025-09-16,Monday,1.5,25650,24900,25290.0,12.1,1.15,10.95,0,2.25,4.0,0,10.05,133.0,-267.0,0.15000000000000002,777.0,377.0,1,ok
2025-09-15,2025-09-16,Monday,2.0,25800,24800,25290.0,6.1,0.95,5.15,0,0.95,1.5,0,5.9,13.0,-387.0,0.1,390.0,-10.0,1,ok
2025-09-15,2025-09-16,Monday,2.5,25900,24650,25290.0,3.45,0.85,2.6,0,0.6,0.3,0,3.65,-13.0,-413.0,0.1,218.0,-182.0,1,ok
2025-09-15,2025-09-16,Monday,3.0,26050,24550,25290.0,2.9,0.75,2.15,0,0.4,0.4,0,2.9,0.0,-400.0,0.1,182.0,-218.0,1,ok
2025-09-15,2025-09-16,Monday,4.0,26300,24300,25290.0,2.2,0.5,1.7,0,0.3,0.2,0,2.25,-3.0,-403.0,0.1,136.0,-264.0,1,ok
2025-09-15,2025-09-16,Monday,5.0,26550,24050,25290.0,2.0,0.5,1.5,0,0.1,0.5,0,1.8,13.0,-387.0,0.1,124.0,-276.0,1,ok
2025-09-22,2025-09-23,Monday,1.0,25900,25350,25631.0,63.15,1.3,61.85,0,100.55,4.35,1,145.35,-5343.0,-5743.0,181.05,-7664.0,-8064.0,0,ok
2025-09-22,2025-09-23,Monday,1.5,26000,25250,25631.0,27.3,1.15,26.15,0,57.85,4.15,1,70.3,-2795.0,-3195.0,80.95,-3487.0,-3887.0,0,ok
2025-09-22,2025-09-23,Monday,2.0,26150,25100,25631.0,9.15,0.95,8.2,0,17.9,2.5,0,19.65,-683.0,-1083.0,0.15000000000000002,585.0,185.0,1,ok
2025-09-22,2025-09-23,Monday,2.5,26250,25000,25631.0,5.65,0.85,4.8,0,7.95,1.1,0,9.95,-280.0,-680.0,0.1,361.0,-39.0,1,ok
2025-09-22,2025-09-23,Monday,3.0,26400,24850,25631.0,3.55,0.65,2.9,0,2.65,0.45,0,4.3,-49.0,-449.0,0.1,224.0,-176.0,1,ok
2025-09-22,2025-09-23,Monday,4.0,26650,24600,25631.0,2.6,0.55,2.05,0,0.7,0.4,0,2.45,10.0,-390.0,0.1,162.0,-238.0,1,ok
2025-09-22,2025-09-23,Monday,5.0,26900,24350,25631.0,2.3,0.5,1.8,0,0.05,0.55,0,1.85,29.0,-371.0,0.1,143.0,-257.0,1,ok
2025-09-29,2025-09-30,Monday,1.0,25050,24550,24812.0,18.15,7.25,10.9,0,21.85,1.65,1,24.0,-380.0,-780.0,0.2,1167.0,767.0,1,ok
2025-09-29,2025-09-30,Monday,1.5,25200,24450,24812.0,10.05,3.45,6.6,0,9.85,1.4,0,11.95,-123.0,-523.0,0.15000000000000002,644.0,244.0,1,ok
2025-09-29,2025-09-30,Monday,2.0,25300,24300,24812.0,6.75,2.65,4.1,0,1.65,1.4,0,6.4,23.0,-377.0,0.1,432.0,32.0,1,ok
2025-09-29,2025-09-30,Monday,2.5,25450,24200,24812.0,5.6,2.05,3.55,0,0.7,1.35,0,5.1,32.0,-368.0,0.15000000000000002,354.0,-46.0,1,ok
2025-09-29,2025-09-30,Monday,3.0,25550,24050,24812.0,4.8,1.85,2.95,0,0.4,1.1,0,4.35,29.0,-371.0,0.1,306.0,-94.0,1,ok
2025-09-29,2025-09-30,Monday,4.0,25800,23800,24812.0,3.85,1.4,2.45,0,0.35,1.05,0,3.5,23.0,-377.0,0.2,237.0,-163.0,1,ok
2025-09-29,2025-09-30,Monday,5.0,26050,23550,24812.0,3.1,1.1,2.0,0,0.3,0.75,0,3.0,7.0,-394.0,0.1,195.0,-205.0,1,ok
2025-10-06,2025-10-07,Monday,1.0,25600,25100,25339.0,151.2,0.95,150.25,1,6.95,105.7,0,50.0,6578.0,6178.0,1.35,9740.0,9340.0,0,ok
2025-10-06,2025-10-07,Monday,1.5,25700,24950,25339.0,50.25,0.85,49.4,0,4.6,38.35,0,13.55,2386.0,1986.0,0.15000000000000002,3256.0,2856.0,1,ok
2025-10-06,2025-10-07,Monday,2.0,25850,24850,25339.0,20.85,0.75,20.1,0,2.6,14.2,0,7.45,871.0,471.0,0.1,1349.0,949.0,1,ok
2025-10-06,2025-10-07,Monday,2.5,25950,24700,25339.0,7.7,0.8,6.9,0,0.55,3.35,0,4.5,208.0,-192.0,0.1,494.0,94.0,1,ok
2025-10-06,2025-10-07,Monday,3.0,26100,24600,25339.0,4.9,0.7,4.2,0,0.7,1.05,0,3.95,62.0,-338.0,0.1,312.0,-88.0,1,ok
2025-10-06,2025-10-07,Monday,4.0,26350,24350,25339.0,2.95,0.5,2.45,0,0.7,0.25,0,2.9,3.0,-397.0,0.1,185.0,-215.0,1,ok
2025-10-06,2025-10-07,Monday,5.0,26600,24050,25339.0,2.4,0.5,1.9,0,0.55,0.3,0,2.2,13.0,-387.0,0.15000000000000002,146.0,-254.0,1,ok
2025-10-13,2025-10-14,Monday,1.0,25650,25150,25418.4,55.65,2.1,53.55,0,12.55,33.4,0,28.65,1755.0,1355.0,1.55,3516.0,3116.0,0,ok
2025-10-13,2025-10-14,Monday,1.5,25800,25050,25418.4,29.4,1.55,27.85,0,6.25,18.2,0,14.3,982.0,582.0,0.15000000000000002,1901.0,1501.0,1,ok
2025-10-13,2025-10-14,Monday,2.0,25950,24900,25418.4,12.1,1.3,10.8,0,2.05,6.15,0,7.1,325.0,-75.0,0.1,780.0,380.0,1,ok
2025-10-13,2025-10-14,Monday,2.5,26050,24800,25418.4,7.85,1.2,6.65,0,0.65,3.05,0,5.35,163.0,-237.0,0.1,504.0,104.0,1,ok
2025-10-13,2025-10-14,Monday,3.0,26200,24650,25418.4,5.15,1.05,4.1,0,0.05,1.4,0,3.95,78.0,-322.0,0.1,328.0,-72.0,1,ok
2025-10-13,2025-10-14,Monday,4.0,26450,24400,25418.4,3.6,0.75,2.85,0,0.25,0.75,0,2.95,42.0,-358.0,0.1,228.0,-172.0,1,ok
2025-10-13,2025-10-14,Monday,5.0,26700,24150,25418.4,2.7,0.6,2.1,0,0.4,0.5,0,2.25,29.0,-371.0,0.1,169.0,-231.0,1,ok
2025-10-27,2025-10-28,Monday,1.0,26400,25900,26150.0,53.9,5.5,48.4,0,3.7,22.55,0,35.5,1196.0,796.0,0.1,3497.0,3097.0,1,ok
2025-10-27,2025-10-28,Monday,1.5,26550,25750,26150.0,22.6,2.7,19.9,0,1.15,10.0,0,14.05,556.0,156.0,0.1,1462.0,1062.0,1,ok
2025-10-27,2025-10-28,Monday,2.0,26650,25650,26150.0,13.15,1.8,11.35,0,0.55,4.95,0,8.65,292.0,-108.0,0.1,848.0,448.0,1,ok
2025-10-27,2025-10-28,Monday,2.5,26800,25500,26150.0,7.25,1.2,6.05,0,1.25,1.35,0,6.3,62.0,-338.0,0.15000000000000002,462.0,62.0,1,ok
2025-10-27,2025-10-28,Monday,3.0,26950,25350,26150.0,5.3,1.0,4.3,0,1.5,0.7,0,4.9,26.0,-374.0,0.15000000000000002,335.0,-65.0,1,ok
2025-10-27,2025-10-28,Monday,4.0,27200,25100,26150.0,4.0,0.8,3.2,0,1.25,0.45,0,4.0,0.0,-400.0,0.2,247.0,-153.0,1,ok
2025-10-27,2025-10-28,Monday,5.0,27450,24850,26150.0,3.15,0.65,2.5,0,0.85,0.45,0,3.05,6.0,-394.0,0.15000000000000002,195.0,-205.0,1,ok
2025-11-03,2025-11-04,Monday,1.0,26350,25800,26083.5,105.25,3.6,101.65,1,26.0,39.75,1,82.75,1462.0,1062.0,202.05,-6292.0,-6692.0,0,ok
2025-11-03,2025-11-04,Monday,1.5,26450,25700,26083.5,60.65,2.65,58.0,0,16.1,30.4,0,40.5,1310.0,910.0,102.25,-2704.0,-3104.0,0,ok
2025-11-03,2025-11-04,Monday,2.0,26600,25550,26083.5,23.35,1.9,21.45,0,5.6,13.85,0,12.6,699.0,299.0,0.15000000000000002,1508.0,1108.0,1,ok
2025-11-03,2025-11-04,Monday,2.5,26750,25450,26083.5,12.5,1.55,10.95,0,2.15,6.75,0,6.45,393.0,-7.0,0.1,806.0,406.0,1,ok
2025-11-03,2025-11-04,Monday,3.0,26850,25300,26083.5,6.0,1.35,4.65,0,0.8,2.2,0,3.85,140.0,-260.0,0.1,384.0,-16.0,1,ok
2025-11-03,2025-11-04,Monday,4.0,27150,25050,26083.5,3.7,1.0,2.7,0,0.15,1.2,0,2.65,68.0,-332.0,0.15000000000000002,231.0,-169.0,1,ok
2025-11-03,2025-11-04,Monday,5.0,27400,24800,26083.5,2.65,0.8,1.85,0,0.4,0.6,0,2.15,33.0,-368.0,0.1,166.0,-234.0,1,ok
2025-11-10,2025-11-11,Monday,1.0,25900,25400,25662.1,22.45,4.15,18.3,0,2.8,10.9,0,13.85,559.0,159.0,0.15000000000000002,1450.0,1050.0,1,ok
2025-11-10,2025-11-11,Monday,1.5,26050,25300,25662.1,10.25,1.9,8.35,0,1.35,4.25,0,7.0,211.0,-189.0,0.1,660.0,260.0,1,ok
2025-11-10,2025-11-11,Monday,2.0,26200,25150,25662.1,4.95,1.4,3.55,0,0.3,1.4,0,4.05,58.0,-342.0,0.1,315.0,-85.0,1,ok
2025-11-10,2025-11-11,Monday,2.5,26300,25000,25662.1,3.85,1.2,2.65,0,0.15,0.95,0,3.25,39.0,-361.0,0.1,244.0,-156.0,1,ok
2025-11-10,2025-11-11,Monday,3.0,26450,24900,25662.1,3.2,1.05,2.15,0,0.25,0.75,0,2.65,36.0,-364.0,0.1,202.0,-198.0,1,ok
2025-11-10,2025-11-11,Monday,4.0,26700,24650,25662.1,2.55,0.75,1.8,0,0.2,0.6,0,1.95,39.0,-361.0,0.1,159.0,-241.0,1,ok
2025-11-10,2025-11-11,Monday,5.0,26950,24400,25662.1,1.95,0.6,1.35,0,0.3,0.35,0,1.7,16.0,-384.0,0.1,120.0,-280.0,1,ok
2025-11-17,2025-11-18,Monday,1.0,26650,26100,26382.9,144.2,1.15,143.05,1,42.05,38.95,1,120.3,1554.0,1154.0,189.5,-2944.0,-3344.0,0,ok
2025-11-17,2025-11-18,Monday,1.5,26800,26000,26382.9,84.45,0.95,83.5,1,28.6,31.7,1,61.05,1521.0,1121.0,89.05,-299.0,-699.0,0,ok
2025-11-17,2025-11-18,Monday,2.0,26900,25850,26382.9,30.75,0.9,29.85,0,12.45,13.75,0,18.5,796.0,396.0,0.1,1992.0,1592.0,1,ok
2025-11-17,2025-11-18,Monday,2.5,27050,25700,26382.9,11.0,0.9,10.1,0,3.4,4.7,0,6.5,292.0,-108.0,0.1,708.0,308.0,1,ok
2025-11-17,2025-11-18,Monday,3.0,27150,25600,26382.9,6.35,0.8,5.55,0,0.8,1.95,0,4.5,120.0,-280.0,0.15000000000000002,403.0,3.0,1,ok
2025-11-17,2025-11-18,Monday,4.0,27450,25350,26382.9,3.2,0.65,2.55,0,0.5,0.3,0,3.0,13.0,-387.0,0.1,201.0,-199.0,1,ok
2025-11-17,2025-11-18,Monday,5.0,27700,25050,26382.9,2.45,0.55,1.9,0,0.3,0.2,0,2.3,10.0,-390.0,0.1,153.0,-247.0,1,ok
2025-11-24,2025-11-25,Monday,1.0,26550,26050,26304.9,53.0,2.3,50.7,0,61.55,18.65,1,107.8,-3562.0,-3962.0,165.05,-7283.0,-7683.0,0,ok
2025-11-24,2025-11-25,Monday,1.5,26700,25900,26304.9,18.75,1.65,17.1,0,24.95,7.2,1,39.95,-1378.0,-1778.0,15.75,195.0,-205.0,0,ok
2025-11-24,2025-11-25,Monday,2.0,26850,25800,26304.9,9.35,1.4,7.95,0,10.95,3.1,0,17.6,-536.0,-936.0,0.15000000000000002,598.0,198.0,1,ok
2025-11-24,2025-11-25,Monday,2.5,26950,25650,26304.9,4.7,1.25,3.45,0,2.35,0.8,0,5.65,-62.0,-462.0,0.1,299.0,-101.0,1,ok
2025-11-24,2025-11-25,Monday,3.0,27100,25500,26304.9,3.5,1.15,2.35,0,0.2,0.65,0,3.15,23.0,-377.0,0.1,221.0,-179.0,1,ok
2025-11-24,2025-11-25,Monday,4.0,27350,25250,26304.9,2.5,0.9,1.6,0,0.35,0.5,0,2.1,26.0,-374.0,0.15000000000000002,153.0,-247.0,1,ok
2025-11-24,2025-11-25,Monday,5.0,27600,25000,26304.9,2.1,0.7,1.4,0,0.2,0.55,0,1.6,32.0,-368.0,0.1,130.0,-270.0,1,ok
2025-12-01,2025-12-02,Monday,1.0,26700,26200,26442.8,42.45,2.05,40.4,0,54.1,8.5,1,68.95,-1723.0,-2123.0,167.95000000000002,-8158.0,-8558.0,0,ok
2025-12-01,2025-12-02,Monday,1.5,26850,26050,26442.8,14.75,1.35,13.4,0,20.8,2.65,1,20.65,-384.0,-784.0,18.0,-211.0,-611.0,0,ok
2025-12-01,2025-12-02,Monday,2.0,26950,25900,26442.8,6.35,1.1,5.25,0,6.25,0.6,0,7.05,-46.0,-446.0,0.1,406.0,6.0,1,ok
2025-12-01,2025-12-02,Monday,2.5,27100,25800,26442.8,4.5,1.0,3.5,0,2.55,0.6,0,4.05,29.0,-371.0,0.1,286.0,-114.0,1,ok
2025-12-01,2025-12-02,Monday,3.0,27250,25650,26442.8,3.2,0.9,2.3,0,0.6,0.75,0,2.55,42.0,-358.0,0.1,201.0,-199.0,1,ok
2025-12-01,2025-12-02,Monday,4.0,27500,25400,26442.8,2.65,0.85,1.8,0,0.2,0.7,0,2.05,39.0,-361.0,0.1,166.0,-234.0,1,ok
2025-12-01,2025-12-02,Monday,5.0,27750,25100,26442.8,2.1,0.65,1.45,0,0.15,0.45,0,1.7,26.0,-374.0,0.15000000000000002,127.0,-273.0,1,ok
2025-12-08,2025-12-09,Monday,1.0,26500,25950,26230.4,23.95,2.45,21.5,0,66.85,6.85,1,58.75,-2262.0,-2662.0,110.55,-5629.0,-6029.0,0,ok
2025-12-08,2025-12-09,Monday,1.5,26600,25850,26230.4,10.85,1.85,9.0,0,35.65,3.2,1,24.15,-864.0,-1264.0,10.65,13.0,-387.0,0,ok
2025-12-08,2025-12-09,Monday,2.0,26750,25700,26230.4,4.5,1.4,3.1,0,12.4,1.0,0,6.75,-146.0,-546.0,0.1,286.0,-114.0,1,ok
2025-12-08,2025-12-09,Monday,2.5,26900,25550,26230.4,3.0,1.2,1.8,0,5.05,0.35,0,4.2,-78.0,-478.0,0.15000000000000002,185.0,-215.0,1,ok
2025-12-08,2025-12-09,Monday,3.0,27000,25450,26230.4,2.65,1.15,1.5,0,3.0,0.3,0,3.6,-62.0,-462.0,0.1,166.0,-234.0,1,ok
2025-12-08,2025-12-09,Monday,4.0,27300,25200,26230.4,2.1,0.85,1.25,0,1.1,0.35,0,2.8,-45.0,-446.0,0.15000000000000002,127.0,-273.0,1,ok
2025-12-08,2025-12-09,Monday,5.0,27550,24900,26230.4,1.75,0.75,1.0,0,0.7,0.25,0,2.3,-36.0,-436.0,0.1,107.0,-293.0,1,ok
2025-12-15,2025-12-16,Monday,1.0,26450,25950,26199.9,72.2,1.85,70.35,0,6.25,46.3,0,28.45,2844.0,2444.0,89.6,-1131.0,-1531.0,0,ok
2025-12-15,2025-12-16,Monday,1.5,26600,25800,26199.9,24.4,1.5,22.9,0,2.25,17.15,0,7.95,1069.0,669.0,0.1,1579.0,1179.0,1,ok
2025-12-15,2025-12-16,Monday,2.0,26700,25700,26199.9,11.7,1.4,10.3,0,0.9,6.95,0,5.05,432.0,32.0,0.1,754.0,354.0,1,ok
2025-12-15,2025-12-16,Monday,2.5,26850,25550,26199.9,4.85,1.2,3.65,0,0.2,1.5,0,3.55,84.0,-316.0,0.15000000000000002,305.0,-95.0,1,ok
2025-12-15,2025-12-16,Monday,3.0,27000,25400,26199.9,3.45,1.15,2.3,0,0.35,0.65,0,2.9,36.0,-364.0,0.1,218.0,-182.0,1,ok
2025-12-15,2025-12-16,Monday,4.0,27250,25150,26199.9,2.75,0.9,1.85,0,0.35,0.4,0,2.4,23.0,-377.0,0.1,172.0,-228.0,1,ok
2025-12-15,2025-12-16,Monday,5.0,27500,24900,26199.9,2.35,0.85,1.5,0,0.35,0.4,0,2.0,23.0,-377.0,0.15000000000000002,143.0,-257.0,1,ok
2025-12-22,2025-12-23,Monday,1.0,26750,26250,26490.0,132.1,1.05,131.05,1,12.95,23.55,0,117.25,965.0,565.0,72.25,3890.0,3490.0,0,ok
2025-12-22,2025-12-23,Monday,1.5,26900,26100,26490.0,48.05,1.0,47.05,0,5.5,17.7,0,33.4,952.0,552.0,0.1,3117.0,2717.0,1,ok
2025-12-22,2025-12-23,Monday,2.0,27000,25950,26490.0,15.0,1.0,14.0,0,1.0,6.55,0,9.35,367.0,-33.0,0.1,968.0,568.0,1,ok
2025-12-22,2025-12-23,Monday,2.5,27150,25850,26490.0,7.8,0.95,6.85,0,0.2,2.75,0,5.5,150.0,-250.0,0.15000000000000002,497.0,97.0,1,ok
2025-12-22,2025-12-23,Monday,3.0,27300,25700,26490.0,4.75,0.8,3.95,0,0.1,1.0,0,4.0,49.0,-351.0,0.15000000000000002,299.0,-101.0,1,ok
2025-12-22,2025-12-23,Monday,4.0,27550,25450,26490.0,3.5,0.7,2.8,0,0.2,0.6,0,3.15,23.0,-377.0,0.1,221.0,-179.0,1,ok
2025-12-22,2025-12-23,Monday,5.0,27800,25150,26490.0,2.9,0.6,2.3,0,0.25,0.5,0,2.55,23.0,-377.0,0.1,182.0,-218.0,1,ok
2025-12-29,2025-12-30,Monday,1.0,26450,25950,26210.0,22.05,1.75,20.3,0,40.9,3.0,1,48.6,-1726.0,-2126.0,11.35,696.0,296.0,0,ok
2025-12-29,2025-12-30,Monday,1.5,26600,25800,26210.0,5.65,1.5,4.15,0,9.35,0.8,0,9.85,-273.0,-673.0,0.1,361.0,-39.0,1,ok
2025-12-29,2025-12-30,Monday,2.0,26750,25700,26210.0,3.7,1.3,2.4,0,2.85,0.25,0,4.5,-52.0,-452.0,0.1,234.0,-166.0,1,ok
2025-12-29,2025-12-30,Monday,2.5,26850,25550,26210.0,2.85,1.2,1.65,0,0.7,0.3,0,2.8,3.0,-397.0,0.1,179.0,-221.0,1,ok
2025-12-29,2025-12-30,Monday,3.0,27000,25400,26210.0,2.5,1.1,1.4,0,0.45,0.35,0,2.4,7.0,-394.0,0.1,156.0,-244.0,1,ok
2025-12-29,2025-12-30,Monday,4.0,27250,25150,26210.0,2.05,0.9,1.15,0,0.35,0.15,0,2.05,0.0,-400.0,0.1,127.0,-273.0,1,ok
2025-12-29,2025-12-30,Monday,5.0,27500,24900,26210.0,1.75,0.8,0.95,0,0.35,0.3,0,1.55,13.0,-387.0,0.1,107.0,-293.0,1,ok
2026-01-05,2026-01-06,Monday,1.0,26700,26200,26450.0,22.8,1.5,21.3,0,37.3,8.3,1,39.55,-1089.0,-1489.0,20.7,137.0,-263.0,0,ok
2026-01-05,2026-01-06,Monday,1.5,26850,26050,26450.0,8.0,1.05,6.95,0,8.6,2.1,0,9.6,-104.0,-504.0,0.1,514.0,114.0,1,ok
2026-01-05,2026-01-06,Monday,2.0,27000,25900,26450.0,4.5,0.9,3.6,0,1.45,1.2,0,4.0,32.0,-368.0,0.1,286.0,-114.0,1,ok
2026-01-05,2026-01-06,Monday,2.5,27100,25800,26450.0,3.5,0.75,2.75,0,0.45,1.25,0,2.8,46.0,-354.0,0.1,221.0,-179.0,1,ok
2026-01-05,2026-01-06,Monday,3.0,27250,25650,26450.0,2.9,0.75,2.15,0,0.45,1.1,0,1.95,62.0,-338.0,0.15000000000000002,179.0,-221.0,1,ok
2026-01-05,2026-01-06,Monday,4.0,27500,25400,26450.0,2.25,0.6,1.65,0,0.4,0.85,0,1.5,49.0,-351.0,0.1,140.0,-260.0,1,ok
2026-01-05,2026-01-06,Monday,5.0,27750,25150,26450.0,1.8,0.5,1.3,0,0.4,0.6,0,1.35,29.0,-371.0,0.1,110.0,-290.0,1,ok
2026-01-12,2026-01-13,Monday,1.0,25950,25400,25670.0,32.1,6.95,25.15,0,16.45,13.1,0,26.45,367.0,-33.0,0.15000000000000002,2077.0,1677.0,1,ok
2026-01-12,2026-01-13,Monday,1.5,26050,25300,25670.0,19.15,4.95,14.2,0,8.35,8.0,0,13.65,358.0,-42.0,0.1,1238.0,838.0,1,ok
2026-01-12,2026-01-13,Monday,2.0,26200,25150,25670.0,10.95,3.7,7.25,0,2.75,4.5,0,7.15,247.0,-153.0,0.1,705.0,305.0,1,ok
2026-01-12,2026-01-13,Monday,2.5,26300,25050,25670.0,8.75,3.3,5.45,0,1.1,3.65,0,5.35,221.0,-179.0,0.1,562.0,162.0,1,ok
2026-01-12,2026-01-13,Monday,3.0,26450,24900,25670.0,6.75,2.7,4.05,0,0.15,3.05,0,3.95,182.0,-218.0,0.1,432.0,32.0,1,ok
2026-01-12,2026-01-13,Monday,4.0,26700,24650,25670.0,5.05,2.1,2.95,0,0.3,2.25,0,2.9,140.0,-260.0,0.1,322.0,-78.0,1,ok
2026-01-12,2026-01-13,Monday,5.0,26950,24400,25670.0,3.95,1.65,2.3,0,0.25,1.65,0,2.4,101.0,-299.0,0.1,250.0,-150.0,1,ok
2026-01-19,2026-01-20,Monday,1.0,25800,25300,25559.9,32.35,12.7,19.65,0,1.45,18.5,0,14.3,1173.0,773.0,72.1,-2584.0,-2984.0,0,ok
2026-01-19,2026-01-20,Monday,1.5,25950,25200,25559.9,15.3,5.2,10.1,0,0.9,8.9,0,6.55,569.0,169.0,0.3,975.0,575.0,1,ok
2026-01-19,2026-01-20,Monday,2.0,26050,25050,25559.9,8.4,3.6,4.8,0,0.4,4.0,0,4.5,254.0,-146.0,0.25,530.0,130.0,1,ok
2026-01-19,2026-01-20,Monday,2.5,26200,24900,25559.9,5.55,2.55,3.0,0,0.35,2.5,0,3.3,146.0,-254.0,0.15000000000000002,351.0,-49.0,1,ok
2026-01-19,2026-01-20,Monday,3.0,26350,24800,25559.9,4.5,2.05,2.45,0,0.45,1.85,0,2.9,104.0,-296.0,0.2,280.0,-120.0,1,ok
2026-01-19,2026-01-20,Monday,4.0,26600,24550,25559.9,3.45,1.8,1.65,0,0.3,1.25,0,2.25,78.0,-322.0,0.15000000000000002,215.0,-185.0,1,ok
2026-01-19,2026-01-20,Monday,5.0,26850,24300,25559.9,2.7,1.45,1.25,0,0.3,0.9,0,1.9,52.0,-348.0,0.1,169.0,-231.0,1,ok
2026-02-02,2026-02-03,Monday,1.0,25500,25000,25228.5,241.75,6.55,235.2,1,106.05,173.65,1,72.95,10972.0,10572.0,228.70000000000002,848.0,448.0,0,ok
2026-02-02,2026-02-03,Monday,1.5,25600,24850,25228.5,154.65,4.55,150.1,1,76.45,125.35,1,32.65,7930.0,7530.0,129.05,1664.0,1264.0,0,ok
2026-02-02,2026-02-03,Monday,2.0,25750,24700,25228.5,95.0,3.1,91.9,1,46.1,81.75,1,15.3,5180.0,4780.0,0.1,6168.0,5768.0,1,ok
2026-02-02,2026-02-03,Monday,2.5,25850,24600,25228.5,67.3,2.55,64.75,0,31.2,58.3,1,10.55,3689.0,3289.0,0.1,4368.0,3968.0,1,ok
2026-02-02,2026-02-03,Monday,3.0,26000,24450,25228.5,40.3,2.15,38.15,0,15.45,34.25,0,7.15,2155.0,1755.0,0.1,2613.0,2213.0,1,ok
2026-02-02,2026-02-03,Monday,4.0,26250,24200,25228.5,17.7,1.7,16.0,0,3.7,13.6,0,4.8,838.0,438.0,0.15000000000000002,1141.0,741.0,1,ok
2026-02-02,2026-02-03,Monday,5.0,26500,23950,25228.5,9.2,1.35,7.85,0,1.7,5.9,0,3.7,358.0,-42.0,0.1,592.0,192.0,1,ok
2026-02-09,2026-02-10,Monday,1.0,26450,25950,26200.3,152.9,3.3,149.6,1,19.8,33.4,1,126.55,1713.0,1313.0,17.35,8811.0,8411.0,0,ok
2026-02-09,2026-02-10,Monday,1.5,26600,25800,26200.3,66.6,2.65,63.95,0,10.95,24.8,0,47.3,1255.0,855.0,0.1,4323.0,3923.0,1,ok
2026-02-09,2026-02-10,Monday,2.0,26700,25700,26200.3,35.25,2.15,33.1,0,5.6,13.3,0,26.05,598.0,198.0,0.1,2285.0,1885.0,1,ok
2026-02-09,2026-02-10,Monday,2.5,26850,25550,26200.3,16.45,1.85,14.6,0,2.1,3.55,0,16.5,-3.0,-403.0,0.1,1063.0,663.0,1,ok
2026-02-09,2026-02-10,Monday,3.0,27000,25400,26200.3,9.95,1.45,8.5,0,3.15,0.95,0,12.4,-159.0,-559.0,0.15000000000000002,637.0,237.0,1,ok
2026-02-09,2026-02-10,Monday,4.0,27250,25150,26200.3,6.65,1.15,5.5,0,3.05,0.3,0,9.1,-159.0,-559.0,0.1,426.0,26.0,1,ok
2026-02-09,2026-02-10,Monday,5.0,27500,24900,26200.3,5.05,0.95,4.1,0,2.2,0.1,0,6.85,-117.0,-517.0,0.1,322.0,-78.0,1,ok
2026-02-16,2026-02-17,Monday,1.0,26100,25600,25857.0,145.5,4.85,140.65,1,0.0,95.85,0,51.8,6090.0,5690.0,0.15000000000000002,9448.0,9048.0,1,ok
2026-02-16,2026-02-17,Monday,1.5,26250,25450,25857.0,63.65,3.75,59.9,0,0.0,38.3,0,26.35,2424.0,2024.0,0.1,4131.0,3731.0,1,ok
2026-02-16,2026-02-17,Monday,2.0,26350,25350,25857.0,35.45,3.15,32.3,0,0.0,16.9,0,19.4,1043.0,643.0,0.1,2298.0,1898.0,1,ok
2026-02-16,2026-02-17,Monday,2.5,26500,25200,25857.0,17.15,2.5,14.65,0,0.2,4.75,0,14.15,195.0,-205.0,0.1,1108.0,708.0,1,ok
2026-02-16,2026-02-17,Monday,3.0,26650,25100,25857.0,12.15,2.05,10.1,0,0.65,1.7,0,11.85,19.0,-381.0,0.1,783.0,383.0,1,ok
2026-02-16,2026-02-17,Monday,4.0,26900,24800,25857.0,7.25,1.5,5.75,0,1.7,0.25,0,8.05,-52.0,-452.0,0.1,465.0,65.0,1,ok
2026-02-16,2026-02-17,Monday,5.0,27150,24550,25857.0,5.85,1.35,4.5,0,1.15,0.25,0,6.0,-10.0,-410.0,0.1,374.0,-26.0,1,ok
2026-02-23,2026-02-24,Monday,1.0,26300,25800,26040.0,140.9,3.45,137.45,1,86.7,13.35,1,145.0,-267.0,-667.0,374.05,-15155.0,-15555.0,0,ok
2026-02-23,2026-02-24,Monday,1.5,26450,25650,26040.0,71.9,2.55,69.35,0,49.75,16.65,1,65.8,396.0,-4.0,223.7,-9867.0,-10267.0,0,ok
2026-02-23,2026-02-24,Monday,2.0,26550,25500,26040.0,37.65,2.15,35.5,0,20.8,11.45,1,31.8,380.0,-20.0,73.14999999999999,-2307.0,-2707.0,0,ok
2026-02-23,2026-02-24,Monday,2.5,26700,25400,26040.0,25.7,1.65,24.05,0,12.85,7.8,0,21.7,260.0,-140.0,0.1,1664.0,1264.0,1,ok
2026-02-23,2026-02-24,Monday,3.0,26800,25250,26040.0,16.55,1.45,15.1,0,5.65,4.3,0,14.5,133.0,-267.0,0.1,1069.0,669.0,1,ok
2026-02-23,2026-02-24,Monday,4.0,27100,25000,26040.0,10.3,1.15,9.15,0,1.1,2.05,0,9.6,46.0,-354.0,0.1,663.0,263.0,1,ok
2026-02-23,2026-02-24,Monday,5.0,27350,24750,26040.0,7.5,1.0,6.5,0,0.7,1.55,0,6.75,49.0,-351.0,0.1,481.0,81.0,1,ok
2026-03-09,2026-03-10,Monday,1.0,24400,23900,24147.0,316.4,33.65,282.75,1,9.4,146.5,0,188.15,8336.0,7936.0,0.1,20559.0,20159.0,1,ok
2026-03-09,2026-03-10,Monday,1.5,24500,23800,24147.0,257.05,24.65,232.4,1,7.4,131.35,0,142.05,7475.0,7075.0,0.1,16702.0,16302.0,1,ok
2026-03-09,2026-03-10,Monday,2.0,24650,23650,24147.0,186.65,16.0,170.65,1,6.15,105.65,0,93.95,6026.0,5626.0,0.1,12126.0,11726.0,1,ok
2026-03-09,2026-03-10,Monday,2.5,24750,23550,24147.0,149.6,12.3,137.3,1,5.4,88.85,0,71.85,5054.0,4654.0,0.15000000000000002,9714.0,9314.0,1,ok
2026-03-09,2026-03-10,Monday,3.0,24850,23400,24147.0,109.1,9.85,99.25,1,3.8,67.65,0,49.8,3854.0,3454.0,0.1,7085.0,6685.0,1,ok
2026-03-09,2026-03-10,Monday,4.0,25100,23200,24147.0,68.7,5.75,62.95,0,3.0,44.75,0,28.5,2613.0,2213.0,0.1,4459.0,4059.0,1,ok
2026-03-09,2026-03-10,Monday,5.0,25350,22950,24147.0,39.75,3.75,36.0,0,2.05,25.85,0,16.05,1540.0,1140.0,0.1,2577.0,2177.0,1,ok
2026-03-16,2026-03-17,Monday,1.0,23650,23150,23395.7,189.6,32.2,157.4,1,113.0,73.75,1,125.8,4147.0,3747.0,0.2,12311.0,11911.0,1,ok
2026-03-16,2026-03-17,Monday,1.5,23750,23050,23395.7,140.5,21.35,119.15,1,97.65,61.95,1,85.75,3559.0,3159.0,0.15000000000000002,9123.0,8723.0,1,ok
2026-03-16,2026-03-17,Monday,2.0,23850,22950,23395.7,104.1,14.5,89.6,1,80.95,50.3,1,59.35,2909.0,2509.0,0.1,6760.0,6360.0,1,ok
2026-03-16,2026-03-17,Monday,2.5,24000,22800,23395.7,64.85,9.0,55.85,0,59.1,32.65,1,35.95,1878.0,1478.0,0.15000000000000002,4205.0,3805.0,1,ok
2026-03-16,2026-03-17,Monday,3.0,24100,22700,23395.7,47.9,6.8,41.1,0,46.3,24.35,1,26.5,1391.0,991.0,0.1,3107.0,2707.0,1,ok
2026-03-16,2026-03-17,Monday,4.0,24350,22450,23395.7,23.75,3.9,19.85,0,22.7,11.05,1,14.4,608.0,208.0,0.1,1537.0,1137.0,1,ok
2026-03-16,2026-03-17,Monday,5.0,24550,22250,23395.7,14.6,2.65,11.95,0,12.55,5.95,0,9.65,322.0,-78.0,0.1,942.0,542.0,1,ok
2026-03-23,2026-03-24,Monday,1.0,22950,22500,22731.2,281.35,83.55,197.8,1,36.6,69.1,1,246.6,2259.0,1859.0,0.1,18281.0,17881.0,1,ok
2026-03-23,2026-03-24,Monday,1.5,23050,22400,22731.2,220.75,60.45,160.3,1,34.1,58.25,1,192.5,1836.0,1436.0,0.15000000000000002,14339.0,13939.0,1,ok
2026-03-23,2026-03-24,Monday,2.0,23200,22300,22731.2,164.8,36.25,128.55,1,33.8,48.2,1,144.9,1294.0,894.0,0.1,10706.0,10306.0,1,ok
2026-03-23,2026-03-24,Monday,2.5,23300,22150,22731.2,118.25,26.05,92.2,1,25.55,39.4,1,101.3,1102.0,702.0,0.15000000000000002,7676.0,7276.0,1,ok
2026-03-23,2026-03-24,Monday,3.0,23400,22050,22731.2,91.7,18.65,73.05,1,22.1,33.0,1,78.0,890.0,490.0,0.1,5954.0,5554.0,1,ok
2026-03-23,2026-03-24,Monday,4.0,23650,21800,22731.2,48.9,9.0,39.9,0,13.7,20.5,0,39.7,598.0,198.0,0.1,3172.0,2772.0,1,ok
2026-03-23,2026-03-24,Monday,5.0,23850,21600,22731.2,29.75,5.5,24.25,0,8.25,13.45,0,23.05,436.0,36.0,0.1,1927.0,1527.0,1,ok
2026-04-06,2026-04-07,Monday,1.0,23000,22550,22785.0,259.4,59.3,200.1,1,6.15,71.4,0,231.65,1804.0,1404.0,122.75,8882.0,8482.0,0,ok
2026-04-06,2026-04-07,Monday,1.5,23150,22450,22785.0,192.85,35.35,157.5,1,4.45,62.25,0,149.6,2811.0,2411.0,0.1,12529.0,12129.0,1,ok
2026-04-06,2026-04-07,Monday,2.0,23250,22350,22785.0,146.85,24.95,121.9,1,3.85,51.25,0,107.6,2551.0,2151.0,0.1,9539.0,9139.0,1,ok
2026-04-06,2026-04-07,Monday,2.5,23350,22200,22785.0,99.15,17.5,81.65,1,2.05,36.45,0,73.5,1667.0,1267.0,0.1,6438.0,6038.0,1,ok
2026-04-06,2026-04-07,Monday,3.0,23450,22100,22785.0,73.7,12.35,61.35,0,1.9,28.15,0,51.75,1427.0,1027.0,0.1,4784.0,4384.0,1,ok
2026-04-06,2026-04-07,Monday,4.0,23700,21850,22785.0,35.35,5.55,29.8,0,0.75,15.75,0,21.45,904.0,504.0,0.1,2291.0,1891.0,1,ok
2026-04-06,2026-04-07,Monday,5.0,23900,21650,22785.0,19.75,3.15,16.6,0,0.3,8.7,0,12.25,488.0,88.0,0.1,1277.0,877.0,1,ok
