date,expiry,dte,distance_pct,spot,ce_strike,pe_strike,entry_time,ce_entry,pe_entry,exit_time,ce_exit,pe_exit,exit_reason,combined_entry,combined_exit,gross_pnl,net_pnl,dte_bucket,cum_net,cum_gross,variant
2025-04-21,2025-04-24,3,3.0,24145.7,24850,23400,2025-04-21 10:00:59+05:30,6.85,22.2,2025-04-21 10:04:59+05:30,7.0,19.9,PT,29.049999999999997,26.9,139.74999999999991,-260.2500000000001,3,-260.2500000000001,139.74999999999991,tgt_stop
2025-04-23,2025-04-24,1,3.0,24550.0,25300,23800,2025-04-23 10:00:59+05:30,1.35,6.5,2025-04-23 10:14:59+05:30,1.6,12.9,SL,7.85,14.5,-432.25,-832.25,1,-1092.5,-292.5000000000001,tgt_stop
2025-04-25,2025-04-30,5,3.0,24400.0,25150,23650,2025-04-25 10:00:59+05:30,6.0,76.25,2025-04-25 10:01:59+05:30,5.95,70.6,PT,82.25,76.55,370.50000000000017,-29.49999999999983,5+,-1121.9999999999998,78.00000000000006,tgt_stop
2025-04-28,2025-04-30,2,3.0,24570.0,25300,23850,2025-04-28 10:00:59+05:30,1.7,33.6,2025-04-28 10:04:59+05:30,1.7,31.55,PT,35.300000000000004,33.25,133.25000000000028,-266.7499999999997,2,-1388.7499999999995,211.25000000000034,tgt_stop
2025-04-30,2025-05-08,8,3.0,24557.4,25300,23800,2025-04-30 10:00:59+05:30,9.35,75.75,2025-04-30 10:03:59+05:30,8.9,73.65,PT,85.1,82.55000000000001,165.7499999999989,-234.2500000000011,5+,-1623.0000000000007,376.9999999999992,tgt_stop
2025-05-02,2025-05-08,6,3.0,24810.4,25550,24050,2025-05-02 10:00:59+05:30,3.6,54.0,2025-05-02 10:13:59+05:30,3.45,51.2,PT,57.6,54.650000000000006,191.74999999999972,-208.25000000000028,5+,-1831.250000000001,568.7499999999989,tgt_stop
2025-05-05,2025-05-08,3,3.0,24692.8,25450,23950,2025-05-05 10:00:59+05:30,2.3,28.25,2025-05-05 10:20:59+05:30,2.0,25.9,PT,30.55,27.9,172.25000000000014,-227.74999999999986,3,-2059.000000000001,740.999999999999,tgt_stop
2025-05-07,2025-05-08,1,3.0,24454.1,25200,23700,2025-05-07 10:00:59+05:30,1.55,19.35,2025-05-07 10:24:59+05:30,1.55,17.0,PT,20.900000000000002,18.55,152.75000000000009,-247.24999999999991,1,-2306.250000000001,893.7499999999991,tgt_stop
2025-05-09,2025-05-15,6,3.0,24160.0,24900,23450,2025-05-09 10:00:59+05:30,13.15,129.35,2025-05-09 10:02:59+05:30,13.15,137.5,SL,142.5,150.65,-529.7500000000003,-929.7500000000003,5+,-3236.0000000000014,363.99999999999875,tgt_stop
2025-05-12,2025-05-15,3,3.0,25024.4,25800,24250,2025-05-12 10:00:59+05:30,3.05,40.15,2025-05-12 10:13:59+05:30,2.75,48.65,SL,43.199999999999996,51.4,-533.0000000000002,-933.0000000000002,3,-4169.000000000002,-169.00000000000148,tgt_stop
2025-05-14,2025-05-15,1,3.0,24782.9,25550,24050,2025-05-14 10:00:59+05:30,2.05,4.4,2025-05-14 15:14:59+05:30,1.4,4.35,time,6.45,5.75,45.500000000000014,-354.5,1,-4523.500000000002,-123.50000000000146,tgt_stop
2025-05-16,2025-05-22,6,3.0,25169.0,25900,24400,2025-05-16 10:00:59+05:30,10.15,39.1,2025-05-16 10:02:59+05:30,10.55,35.55,PT,49.25,46.099999999999994,204.75000000000037,-195.24999999999963,5+,-4718.750000000002,81.2499999999989,tgt_stop
2025-05-19,2025-05-22,3,3.0,25159.0,25900,24400,2025-05-19 10:00:59+05:30,6.2,25.6,2025-05-19 10:02:59+05:30,6.25,23.25,PT,31.8,29.5,149.50000000000006,-250.49999999999994,3,-4969.250000000002,230.74999999999898,tgt_stop
2025-05-21,2025-05-22,1,3.0,25119.0,25850,24350,2025-05-21 10:00:59+05:30,1.5,13.2,2025-05-21 10:07:59+05:30,1.5,10.75,PT,14.7,12.25,159.24999999999994,-240.75000000000006,1,-5210.000000000002,389.9999999999989,tgt_stop
2025-05-23,2025-05-29,6,3.0,24820.1,25550,24100,2025-05-23 10:00:59+05:30,17.05,28.75,2025-05-23 10:50:59+05:30,28.65,26.55,SL,45.8,55.2,-611.0000000000003,-1011.0000000000003,5+,-6221.000000000002,-221.00000000000142,tgt_stop
2025-05-26,2025-05-29,3,3.0,25179.0,25950,24400,2025-05-26 10:00:59+05:30,8.3,30.55,2025-05-26 10:20:59+05:30,6.95,38.4,SL,38.85,45.35,-422.5,-822.5,3,-7043.500000000002,-643.5000000000014,tgt_stop
2025-05-28,2025-05-29,1,3.0,24794.5,25550,24050,2025-05-28 10:00:59+05:30,8.1,4.45,2025-05-28 11:17:59+05:30,7.0,3.5,PT,12.55,10.5,133.25000000000006,-266.74999999999994,1,-7310.250000000002,-510.2500000000013,tgt_stop
2025-05-30,2025-06-05,6,3.0,25045.2,25800,24300,2025-05-30 10:00:59+05:30,8.75,41.85,2025-05-30 10:06:59+05:30,8.75,50.8,SL,50.6,59.55,-581.7499999999998,-981.7499999999998,5+,-8292.000000000002,-1092.0000000000011,tgt_stop
2025-06-02,2025-06-05,3,3.0,24700.0,25450,23950,2025-06-02 10:00:59+05:30,12.6,17.15,2025-06-02 10:10:59+05:30,14.7,21.35,SL,29.75,36.05,-409.49999999999983,-809.4999999999998,3,-9101.500000000002,-1501.500000000001,tgt_stop
2025-06-04,2025-06-05,1,3.0,24925.0,25650,24200,2025-06-04 10:00:59+05:30,1.35,9.35,2025-06-04 10:22:59+05:30,1.2,7.5,PT,10.7,8.7,130.0,-270.0,1,-9371.500000000002,-1371.500000000001,tgt_stop
2025-06-06,2025-06-12,6,3.0,24792.5,25550,24050,2025-06-06 10:00:59+05:30,9.85,19.75,2025-06-06 10:06:59+05:30,9.35,12.45,PT,29.6,21.799999999999997,507.0000000000003,107.00000000000028,5+,-9264.500000000002,-864.5000000000007,tgt_stop
2025-06-09,2025-06-12,3,3.0,25165.0,25900,24400,2025-06-09 10:00:59+05:30,4.75,11.75,2025-06-09 10:44:59+05:30,4.5,9.8,PT,16.5,14.3,142.99999999999994,-257.00000000000006,3,-9521.500000000002,-721.5000000000007,tgt_stop
2025-06-11,2025-06-12,1,3.0,25449.8,26200,24700,2025-06-11 10:00:59+05:30,0.75,5.6,2025-06-11 15:14:59+05:30,0.85,5.15,time,6.35,6.0,22.74999999999998,-377.25,1,-9898.750000000002,-698.7500000000007,tgt_stop
2025-06-13,2025-06-19,6,3.0,24925.0,25650,24200,2025-06-13 10:00:59+05:30,5.35,65.4,2025-06-13 10:12:59+05:30,5.65,63.0,PT,70.75,68.65,136.49999999999963,-263.50000000000034,5+,-10162.250000000002,-562.250000000001,tgt_stop
2025-06-16,2025-06-19,3,3.0,24915.0,25650,24150,2025-06-16 10:00:59+05:30,2.65,21.25,2025-06-16 10:08:59+05:30,2.8,18.55,PT,23.9,21.35,165.74999999999983,-234.25000000000017,3,-10396.500000000002,-396.5000000000012,tgt_stop
2025-06-18,2025-06-19,1,3.0,25173.3,25950,24400,2025-06-18 10:00:59+05:30,0.85,7.3,2025-06-18 11:33:59+05:30,0.9,13.95,SL,8.15,14.85,-435.49999999999994,-835.5,1,-11232.000000000002,-832.0000000000011,tgt_stop
2025-06-20,2025-06-26,6,3.0,25105.0,25850,24350,2025-06-20 10:00:59+05:30,2.8,28.3,2025-06-20 10:12:59+05:30,3.05,25.9,PT,31.1,28.95,139.75000000000014,-260.2499999999999,5+,-11492.250000000002,-692.250000000001,tgt_stop
2025-06-23,2025-06-26,3,3.0,24855.1,25600,24100,2025-06-23 10:00:59+05:30,4.5,15.2,2025-06-23 10:31:59+05:30,4.4,13.1,PT,19.7,17.5,142.99999999999994,-257.00000000000006,3,-11749.250000000002,-549.2500000000011,tgt_stop
2025-06-25,2025-06-26,1,3.0,25319.0,26100,24550,2025-06-25 10:00:59+05:30,0.85,3.45,2025-06-25 15:14:59+05:30,1.0,3.8,time,4.3,4.8,-32.5,-432.5,1,-12181.750000000002,-581.7500000000011,tgt_stop
2025-06-27,2025-07-03,6,3.0,25663.9,26450,24900,2025-06-27 10:00:59+05:30,4.15,20.1,2025-06-27 10:11:59+05:30,3.8,18.25,PT,24.25,22.05,142.99999999999994,-257.00000000000006,5+,-12438.750000000002,-438.7500000000012,tgt_stop
2025-06-30,2025-07-03,3,3.0,25811.0,26600,25050,2025-06-30 10:00:59+05:30,1.65,16.65,2025-06-30 10:11:59+05:30,1.75,14.5,PT,18.299999999999997,16.25,133.24999999999983,-266.75000000000017,3,-12705.500000000002,-305.50000000000136,tgt_stop
2025-07-02,2025-07-03,1,3.0,25748.0,26500,25000,2025-07-02 10:00:59+05:30,0.85,2.65,2025-07-02 15:14:59+05:30,0.7,2.6,time,3.5,3.3,13.00000000000001,-387.0,1,-13092.500000000002,-292.50000000000136,tgt_stop
2025-07-04,2025-07-10,6,3.0,25767.0,26550,25000,2025-07-04 10:00:59+05:30,1.7,28.9,2025-07-04 10:16:59+05:30,1.55,26.65,PT,30.599999999999998,28.2,155.99999999999991,-244.00000000000009,5+,-13336.500000000002,-136.50000000000145,tgt_stop
2025-07-07,2025-07-10,3,3.0,25662.8,26450,24900,2025-07-07 10:00:59+05:30,1.45,9.5,2025-07-07 15:14:59+05:30,1.25,9.7,time,10.95,10.95,0.0,-400.0,3,-13736.500000000002,-136.50000000000145,tgt_stop
2025-07-09,2025-07-10,1,3.0,25710.5,26500,24950,2025-07-09 10:00:59+05:30,0.7,2.15,2025-07-09 15:14:59+05:30,0.75,2.4,time,2.8499999999999996,3.15,-19.500000000000018,-419.5,1,-14156.000000000002,-156.00000000000148,tgt_stop
2025-07-11,2025-07-17,6,3.0,25341.0,26100,24600,2025-07-11 10:00:59+05:30,3.55,8.0,2025-07-11 10:58:59+05:30,3.15,14.45,SL,11.55,17.599999999999998,-393.24999999999983,-793.2499999999998,5+,-14949.250000000002,-549.2500000000014,tgt_stop
2025-07-14,2025-07-17,3,3.0,25447.3,26200,24700,2025-07-14 10:00:59+05:30,1.65,13.55,2025-07-14 13:08:59+05:30,1.65,19.8,SL,15.200000000000001,21.45,-406.2499999999999,-806.2499999999999,3,-15755.500000000002,-955.5000000000013,tgt_stop
2025-07-16,2025-07-17,1,3.0,25456.7,26200,24700,2025-07-16 10:00:59+05:30,0.75,2.2,2025-07-16 15:14:59+05:30,0.6,1.85,time,2.95,2.45,32.5,-367.5,1,-16123.000000000002,-923.0000000000013,tgt_stop
2025-07-18,2025-07-24,6,3.0,25199.0,25950,24450,2025-07-18 10:00:59+05:30,2.85,9.85,2025-07-18 10:16:59+05:30,3.1,17.95,SL,12.7,21.05,-542.7500000000001,-942.7500000000001,5+,-17065.750000000004,-1465.7500000000014,tgt_stop
2025-07-21,2025-07-24,3,3.0,25340.0,26100,24600,2025-07-21 10:00:59+05:30,1.45,12.35,2025-07-21 10:57:59+05:30,1.45,10.05,PT,13.799999999999999,11.5,149.49999999999994,-250.50000000000006,3,-17316.250000000004,-1316.2500000000014,tgt_stop
2025-07-23,2025-07-24,1,3.0,25394.5,26150,24650,2025-07-23 10:00:59+05:30,0.6,1.75,2025-07-23 15:14:59+05:30,0.5,1.65,time,2.35,2.15,13.00000000000001,-387.0,1,-17703.250000000004,-1303.2500000000014,tgt_stop
2025-07-25,2025-07-31,6,3.0,25051.0,25800,24300,2025-07-25 10:00:59+05:30,3.3,10.05,2025-07-25 12:23:59+05:30,3.8,16.45,SL,13.350000000000001,20.25,-448.4999999999999,-848.4999999999999,5+,-18551.750000000004,-1751.7500000000014,tgt_stop
2025-07-28,2025-07-31,3,3.0,24937.3,25700,24200,2025-07-28 10:00:59+05:30,2.95,6.35,2025-07-28 13:32:59+05:30,3.65,12.6,SL,9.3,16.25,-451.74999999999994,-851.75,3,-19403.500000000004,-2203.5000000000014,tgt_stop
2025-07-30,2025-07-31,1,3.0,24830.1,25600,24100,2025-07-30 10:00:59+05:30,1.15,1.5,2025-07-30 15:14:59+05:30,1.1,1.5,time,2.65,2.6,3.2499999999999885,-396.75,1,-19800.250000000004,-2200.2500000000014,tgt_stop
2025-08-01,2025-08-07,6,3.0,24901.8,25650,24150,2025-08-01 10:00:59+05:30,3.3,20.5,2025-08-01 10:03:59+05:30,3.35,18.15,PT,23.8,21.5,149.50000000000006,-250.49999999999994,5+,-20050.750000000004,-2050.7500000000014,tgt_stop
2025-08-04,2025-08-07,3,3.0,24945.9,25700,24200,2025-08-04 10:00:59+05:30,1.7,27.1,2025-08-04 10:04:59+05:30,1.65,24.25,PT,28.8,25.9,188.50000000000014,-211.49999999999986,3,-20262.250000000004,-1862.2500000000011,tgt_stop
2025-08-06,2025-08-07,1,3.0,24707.4,25450,23950,2025-08-06 10:00:59+05:30,1.0,1.9,2025-08-06 15:14:59+05:30,0.8,2.1,time,2.9,2.9000000000000004,-2.886579864025407e-14,-400.00000000000006,1,-20662.250000000004,-1862.2500000000011,tgt_stop
2025-08-08,2025-08-14,6,3.0,24677.7,25400,23950,2025-08-08 10:00:59+05:30,2.4,16.2,2025-08-08 12:50:59+05:30,2.7,13.4,PT,18.599999999999998,16.1,162.49999999999977,-237.50000000000023,5+,-20899.750000000004,-1699.7500000000014,tgt_stop
2025-08-11,2025-08-14,3,3.0,24731.0,25450,24000,2025-08-11 10:00:59+05:30,1.7,17.3,2025-08-11 10:24:59+05:30,1.65,15.0,PT,19.0,16.65,152.75000000000009,-247.24999999999991,3,-21147.000000000004,-1547.0000000000014,tgt_stop
2025-08-13,2025-08-14,1,3.0,24820.0,25550,24100,2025-08-13 10:00:59+05:30,0.85,2.7,2025-08-13 15:14:59+05:30,0.5,2.5,time,3.5500000000000003,3.0,35.750000000000014,-364.25,1,-21511.250000000004,-1511.2500000000014,tgt_stop
2025-08-18,2025-08-21,3,3.0,25304.9,26050,24550,2025-08-18 10:00:59+05:30,1.55,16.6,2025-08-18 10:41:59+05:30,1.55,14.6,PT,18.150000000000002,16.15,130.00000000000023,-269.9999999999998,3,-21781.250000000004,-1381.2500000000011,tgt_stop
2025-08-20,2025-08-21,1,3.0,25263.0,26000,24500,2025-08-20 10:00:59+05:30,0.65,2.6,2025-08-20 15:14:59+05:30,0.45,2.1,time,3.25,2.5500000000000003,45.499999999999986,-354.5,1,-22135.750000000004,-1335.7500000000011,tgt_stop
2025-08-22,2025-08-28,6,3.0,25111.5,25850,24350,2025-08-22 10:00:59+05:30,2.35,8.3,2025-08-22 15:14:59+05:30,2.2,10.0,time,10.65,12.2,-100.74999999999993,-500.74999999999994,5+,-22636.500000000004,-1436.5000000000011,tgt_stop
2025-08-25,2025-08-28,3,3.0,25075.0,25850,24300,2025-08-25 10:00:59+05:30,1.6,3.45,2025-08-25 15:14:59+05:30,1.15,2.7,time,5.050000000000001,3.85,78.00000000000004,-321.99999999999994,3,-22958.500000000004,-1358.5000000000011,tgt_stop
2025-08-29,2025-09-02,4,3.0,24745.0,25500,24000,2025-08-29 10:00:59+05:30,1.55,6.8,2025-08-29 10:32:59+05:30,1.45,4.85,PT,8.35,6.3,133.25,-266.75,4,-23225.250000000004,-1225.2500000000011,tgt_stop
2025-09-01,2025-09-02,1,3.0,24919.4,25650,24150,2025-09-01 10:00:59+05:30,0.75,2.75,2025-09-01 15:14:59+05:30,0.55,2.7,time,3.5,3.25,16.25,-383.75,1,-23609.000000000004,-1209.0000000000011,tgt_stop
2025-09-03,2025-09-09,6,3.0,24702.1,25450,23950,2025-09-03 10:00:59+05:30,2.4,6.7,2025-09-03 15:14:59+05:30,2.45,5.85,time,9.1,8.3,51.99999999999993,-348.00000000000006,5+,-23957.000000000004,-1157.0000000000011,tgt_stop
2025-09-05,2025-09-09,4,3.0,24893.0,25650,24150,2025-09-05 10:00:59+05:30,1.35,3.05,2025-09-05 10:14:59+05:30,1.7,9.05,SL,4.4,10.75,-412.75,-812.75,4,-24769.750000000004,-1569.7500000000011,tgt_stop
2025-09-08,2025-09-09,1,3.0,24914.5,25650,24150,2025-09-08 10:00:59+05:30,0.75,1.9,2025-09-08 15:14:59+05:30,0.85,1.55,time,2.65,2.4,16.25,-383.75,1,-25153.500000000004,-1553.5000000000011,tgt_stop
2025-09-10,2025-09-16,6,3.0,25320.0,26100,24550,2025-09-10 10:00:59+05:30,1.25,15.5,2025-09-10 15:03:59+05:30,1.2,13.55,PT,16.75,14.75,130.0,-270.0,5+,-25423.500000000004,-1423.5000000000011,tgt_stop
2025-09-12,2025-09-16,4,3.0,25270.0,26050,24500,2025-09-12 10:00:59+05:30,1.0,3.65,2025-09-12 15:14:59+05:30,0.7,4.0,time,4.65,4.7,-3.2499999999999885,-403.25,4,-25826.750000000004,-1426.7500000000011,tgt_stop
2025-09-15,2025-09-16,1,3.0,25290.0,26050,24550,2025-09-15 10:00:59+05:30,0.75,2.15,2025-09-15 15:14:59+05:30,0.65,2.25,time,2.9,2.9,0.0,-400.0,1,-26226.750000000004,-1426.7500000000011,tgt_stop
2025-09-17,2025-09-23,6,3.0,25524.8,26300,24750,2025-09-17 10:00:59+05:30,1.8,8.4,2025-09-17 15:14:59+05:30,1.45,8.35,time,10.200000000000001,9.799999999999999,26.00000000000014,-373.9999999999999,5+,-26600.750000000004,-1400.750000000001,tgt_stop
2025-09-19,2025-09-23,4,3.0,25360.1,26100,24600,2025-09-19 10:00:59+05:30,1.6,3.55,2025-09-19 15:14:59+05:30,1.2,2.7,time,5.15,3.9000000000000004,81.25,-318.75,4,-26919.500000000004,-1319.500000000001,tgt_stop
2025-09-22,2025-09-23,1,3.0,25631.0,26400,24850,2025-09-22 10:00:59+05:30,0.65,2.9,2025-09-22 15:14:59+05:30,1.0,3.3,time,3.55,4.3,-48.75,-448.75,1,-27368.250000000004,-1368.250000000001,tgt_stop
2025-09-24,2025-09-30,6,3.0,25142.2,25900,24400,2025-09-24 10:00:59+05:30,3.25,5.7,2025-09-24 15:14:59+05:30,2.65,5.0,time,8.95,7.65,84.49999999999993,-315.50000000000006,5+,-27683.750000000004,-1283.750000000001,tgt_stop
2025-09-26,2025-09-30,4,3.0,24975.0,25700,24250,2025-09-26 10:00:59+05:30,2.3,4.85,2025-09-26 14:02:59+05:30,3.15,10.0,SL,7.1499999999999995,13.15,-390.00000000000006,-790.0,4,-28473.750000000004,-1673.750000000001,tgt_stop
2025-09-29,2025-09-30,1,3.0,24812.0,25550,24050,2025-09-29 10:00:59+05:30,1.85,2.95,2025-09-29 15:14:59+05:30,2.05,2.3,time,4.800000000000001,4.35,29.25000000000007,-370.74999999999994,1,-28844.500000000004,-1644.500000000001,tgt_stop
2025-10-01,2025-10-07,6,3.0,25075.0,25850,24300,2025-10-01 10:00:59+05:30,1.55,20.05,2025-10-01 10:16:59+05:30,1.45,18.15,PT,21.6,19.599999999999998,130.00000000000023,-269.9999999999998,5+,-29114.500000000004,-1514.5000000000007,tgt_stop
2025-10-03,2025-10-07,4,3.0,24947.3,25700,24200,2025-10-03 10:00:59+05:30,1.3,3.75,2025-10-03 15:14:59+05:30,0.9,3.55,time,5.05,4.45,38.99999999999998,-361.0,4,-29475.500000000004,-1475.5000000000007,tgt_stop
2025-10-06,2025-10-07,1,3.0,25339.0,26100,24600,2025-10-06 10:00:59+05:30,0.7,4.2,2025-10-06 15:14:59+05:30,0.6,3.35,time,4.9,3.95,61.750000000000014,-338.25,1,-29813.750000000004,-1413.7500000000007,tgt_stop
2025-10-08,2025-10-14,6,3.0,25534.8,26300,24750,2025-10-08 10:00:59+05:30,1.3,12.75,2025-10-08 10:58:59+05:30,1.3,19.55,SL,14.05,20.85,-442.00000000000006,-842.0,5+,-30655.750000000004,-1855.7500000000007,tgt_stop
2025-10-10,2025-10-14,4,3.0,25505.0,26250,24750,2025-10-10 10:00:59+05:30,1.0,5.25,2025-10-10 15:14:59+05:30,0.75,4.6,time,6.25,5.35,58.50000000000002,-341.5,4,-30997.250000000004,-1797.2500000000007,tgt_stop
2025-10-13,2025-10-14,1,3.0,25418.4,26200,24650,2025-10-13 10:00:59+05:30,1.05,4.1,2025-10-13 15:14:59+05:30,1.0,2.95,time,5.1499999999999995,3.95,77.99999999999996,-322.00000000000006,1,-31319.250000000004,-1719.2500000000007,tgt_stop
2025-10-15,2025-10-20,5,3.0,25318.9,26100,24550,2025-10-15 10:00:59+05:30,1.8,7.0,2025-10-15 15:13:59+05:30,1.3,5.45,PT,8.8,6.75,133.25000000000006,-266.74999999999994,5+,-31586.000000000004,-1586.0000000000007,tgt_stop
2025-10-17,2025-10-20,3,3.0,25668.0,26450,24900,2025-10-17 10:00:59+05:30,1.15,4.8,2025-10-17 15:14:59+05:30,1.35,3.65,time,5.949999999999999,5.0,61.74999999999996,-338.25000000000006,3,-31924.250000000004,-1524.2500000000007,tgt_stop
2025-10-20,2025-10-28,8,3.0,25990.0,26750,25200,2025-10-20 10:00:59+05:30,3.65,24.8,2025-10-20 10:05:59+05:30,3.9,22.5,PT,28.45,26.4,133.25000000000006,-266.74999999999994,5+,-32191.000000000004,-1391.0000000000007,tgt_stop
2025-10-24,2025-10-28,4,3.0,26254.9,27050,25450,2025-10-24 10:00:59+05:30,1.7,10.35,2025-10-24 10:28:59+05:30,1.95,16.35,SL,12.049999999999999,18.3,-406.2500000000001,-806.2500000000001,4,-32997.25000000001,-1797.250000000001,tgt_stop
2025-10-27,2025-10-28,1,3.0,26150.0,26950,25350,2025-10-27 10:00:59+05:30,1.0,4.3,2025-10-27 15:14:59+05:30,1.2,3.7,time,5.3,4.9,25.999999999999964,-374.00000000000006,1,-33371.25000000001,-1771.250000000001,tgt_stop
2025-10-29,2025-11-04,6,3.0,26168.0,26950,25400,2025-10-29 10:00:59+05:30,3.8,12.45,2025-10-29 11:22:59+05:30,3.75,10.45,PT,16.25,14.2,133.25000000000006,-266.74999999999994,5+,-33638.00000000001,-1638.000000000001,tgt_stop
2025-10-31,2025-11-04,4,3.0,26086.8,26850,25300,2025-10-31 10:00:59+05:30,2.0,5.1,2025-10-31 15:14:59+05:30,2.45,5.15,time,7.1,7.6000000000000005,-32.50000000000006,-432.50000000000006,4,-34070.50000000001,-1670.500000000001,tgt_stop
2025-11-03,2025-11-04,1,3.0,26083.5,26850,25300,2025-11-03 10:00:59+05:30,1.35,4.65,2025-11-03 14:50:59+05:30,1.25,2.75,PT,6.0,4.0,130.0,-270.0,1,-34340.50000000001,-1540.500000000001,tgt_stop
2025-11-07,2025-11-11,4,3.0,25441.0,26200,24700,2025-11-07 10:00:59+05:30,2.65,4.15,2025-11-07 13:58:59+05:30,1.75,3.05,PT,6.800000000000001,4.8,130.00000000000006,-269.99999999999994,4,-34610.50000000001,-1410.500000000001,tgt_stop
2025-11-10,2025-11-11,1,3.0,25662.1,26450,24900,2025-11-10 10:00:59+05:30,1.05,2.15,2025-11-10 15:14:59+05:30,0.85,1.8,time,3.2,2.65,35.750000000000014,-364.25,1,-34974.75000000001,-1374.750000000001,tgt_stop
2025-11-12,2025-11-18,6,3.0,26285.0,27050,25500,2025-11-12 10:00:59+05:30,1.4,31.35,2025-11-12 10:34:59+05:30,1.3,28.05,PT,32.75,29.35,220.99999999999991,-179.00000000000009,5+,-35153.75000000001,-1153.750000000001,tgt_stop
2025-11-14,2025-11-18,4,3.0,25887.0,26650,25100,2025-11-14 10:00:59+05:30,3.75,5.9,2025-11-14 11:05:59+05:30,3.1,4.55,PT,9.65,7.65,130.0,-270.0,4,-35423.75000000001,-1023.7500000000009,tgt_stop
2025-11-17,2025-11-18,1,3.0,26382.9,27150,25600,2025-11-17 10:00:59+05:30,0.8,5.55,2025-11-17 15:14:59+05:30,0.6,3.9,time,6.35,4.5,120.24999999999997,-279.75,1,-35703.50000000001,-903.5000000000009,tgt_stop
2025-11-19,2025-11-25,6,3.0,26133.0,26900,25350,2025-11-19 10:00:59+05:30,2.65,14.15,2025-11-19 10:13:59+05:30,2.55,12.25,PT,16.8,14.8,130.0,-270.0,5+,-35973.50000000001,-773.5000000000009,tgt_stop
2025-11-21,2025-11-25,4,3.0,26136.0,26900,25350,2025-11-21 10:00:59+05:30,2.4,4.75,2025-11-21 14:47:59+05:30,1.5,3.65,PT,7.15,5.15,130.0,-270.0,4,-36243.50000000001,-643.5000000000009,tgt_stop
2025-11-24,2025-11-25,1,3.0,26304.9,27100,25500,2025-11-24 10:00:59+05:30,1.15,2.35,2025-11-24 15:14:59+05:30,1.0,2.15,time,3.5,3.15,22.750000000000007,-377.25,1,-36620.75000000001,-620.7500000000009,tgt_stop
2025-11-26,2025-12-02,6,3.0,26292.0,27100,25500,2025-11-26 10:00:59+05:30,1.7,11.0,2025-11-26 15:14:59+05:30,1.9,9.3,time,12.7,11.200000000000001,97.49999999999989,-302.5000000000001,5+,-36923.25000000001,-523.250000000001,tgt_stop
2025-11-28,2025-12-02,4,3.0,26734.0,27550,25950,2025-11-28 10:00:59+05:30,0.8,17.1,2025-11-28 11:14:59+05:30,0.75,15.15,PT,17.900000000000002,15.9,130.0000000000001,-269.9999999999999,4,-37193.25000000001,-393.2500000000009,tgt_stop
2025-12-01,2025-12-02,1,3.0,26442.8,27250,25650,2025-12-01 10:00:59+05:30,0.9,2.3,2025-12-01 15:14:59+05:30,0.85,1.7,time,3.1999999999999997,2.55,42.24999999999999,-357.75,1,-37551.00000000001,-351.0000000000009,tgt_stop
2025-12-03,2025-12-09,6,3.0,26095.0,26900,25300,2025-12-03 10:00:59+05:30,2.8,8.35,2025-12-03 12:19:59+05:30,2.5,6.45,PT,11.149999999999999,8.95,142.99999999999994,-257.00000000000006,5+,-37808.00000000001,-208.00000000000097,tgt_stop
2025-12-05,2025-12-09,4,3.0,26157.7,26950,25350,2025-12-05 10:00:59+05:30,1.5,2.65,2025-12-05 15:14:59+05:30,1.0,2.25,time,4.15,3.25,58.50000000000002,-341.5,4,-38149.50000000001,-149.50000000000094,tgt_stop
2025-12-08,2025-12-09,1,3.0,26230.4,27000,25450,2025-12-08 10:00:59+05:30,1.15,1.5,2025-12-08 15:14:59+05:30,1.7,1.9,time,2.65,3.5999999999999996,-61.749999999999986,-461.75,1,-38611.25000000001,-211.2500000000009,tgt_stop
2025-12-10,2025-12-16,6,3.0,26160.2,26950,25400,2025-12-10 10:00:59+05:30,2.0,11.35,2025-12-10 10:20:59+05:30,1.85,9.2,PT,13.35,11.049999999999999,149.50000000000006,-250.49999999999994,5+,-38861.75000000001,-61.75000000000085,tgt_stop
2025-12-12,2025-12-16,4,3.0,26117.0,26900,25350,2025-12-12 10:00:59+05:30,1.2,3.85,2025-12-12 15:14:59+05:30,1.05,3.45,time,5.05,4.5,35.749999999999986,-364.25,4,-39226.00000000001,-26.000000000000867,tgt_stop
2025-12-15,2025-12-16,1,3.0,26199.9,27000,25400,2025-12-15 10:00:59+05:30,1.15,2.3,2025-12-15 15:14:59+05:30,0.75,2.15,time,3.4499999999999997,2.9,35.749999999999986,-364.25,1,-39590.25000000001,9.749999999999119,tgt_stop
2025-12-17,2025-12-23,6,3.0,26102.0,26900,25300,2025-12-17 10:00:59+05:30,2.2,8.3,2025-12-17 15:14:59+05:30,2.1,6.7,time,10.5,8.8,110.49999999999996,-289.50000000000006,5+,-39879.75000000001,120.24999999999908,tgt_stop
2025-12-19,2025-12-23,4,3.0,26328.0,27100,25550,2025-12-19 10:00:59+05:30,1.0,7.45,2025-12-19 13:24:59+05:30,0.9,5.5,PT,8.45,6.4,133.24999999999994,-266.75000000000006,4,-40146.50000000001,253.49999999999903,tgt_stop
2025-12-22,2025-12-23,1,3.0,26490.0,27300,25700,2025-12-22 10:00:59+05:30,0.8,3.95,2025-12-22 15:14:59+05:30,0.6,3.4,time,4.75,4.0,48.75,-351.25,1,-40497.75000000001,302.24999999999903,tgt_stop
2025-12-24,2025-12-30,6,3.0,26575.0,27350,25800,2025-12-24 10:00:59+05:30,1.35,9.45,2025-12-24 12:17:59+05:30,1.1,7.6,PT,10.799999999999999,8.7,136.49999999999997,-263.5,5+,-40761.25000000001,438.749999999999,tgt_stop
2025-12-26,2025-12-30,4,3.0,26409.9,27200,25600,2025-12-26 10:00:59+05:30,1.1,2.85,2025-12-26 15:14:59+05:30,1.15,2.75,time,3.95,3.9,3.2500000000000173,-396.75,4,-41158.00000000001,441.999999999999,tgt_stop
2025-12-29,2025-12-30,1,3.0,26210.0,27000,25400,2025-12-29 10:00:59+05:30,1.1,1.4,2025-12-29 15:14:59+05:30,1.2,1.2,time,2.5,2.4,6.500000000000005,-393.5,1,-41551.50000000001,448.499999999999,tgt_stop
2025-12-31,2026-01-06,6,3.0,26141.0,26950,25350,2025-12-31 10:00:59+05:30,1.7,4.5,2025-12-31 15:14:59+05:30,1.5,4.25,time,6.2,5.75,29.25000000000001,-370.75,5+,-41922.25000000001,477.749999999999,tgt_stop
2026-01-02,2026-01-06,4,3.0,26395.7,27200,25600,2026-01-02 10:00:59+05:30,0.75,3.6,2026-01-02 15:14:59+05:30,0.6,2.45,time,4.35,3.0500000000000003,84.49999999999996,-315.50000000000006,4,-42237.75000000001,562.249999999999,tgt_stop
2026-01-05,2026-01-06,1,3.0,26450.0,27250,25650,2026-01-05 10:00:59+05:30,0.75,2.15,2026-01-05 15:14:59+05:30,0.65,1.3,time,2.9,1.9500000000000002,61.749999999999986,-338.25,1,-42576.00000000001,623.999999999999,tgt_stop
2026-01-07,2026-01-13,6,3.0,26579.8,27400,25800,2026-01-07 10:00:59+05:30,1.05,13.9,2026-01-07 10:15:59+05:30,0.95,11.5,PT,14.950000000000001,12.45,162.5000000000001,-237.4999999999999,5+,-42813.50000000001,786.4999999999991,tgt_stop
2026-01-09,2026-01-13,4,3.0,26340.0,27150,25550,2026-01-09 10:00:59+05:30,0.95,11.95,2026-01-09 11:35:59+05:30,1.25,21.35,SL,12.899999999999999,22.6,-630.5000000000002,-1030.5000000000002,4,-43844.00000000001,155.99999999999886,tgt_stop
2026-01-12,2026-01-13,1,3.0,25670.0,26450,24900,2026-01-12 10:00:59+05:30,2.7,4.05,2026-01-12 12:55:59+05:30,1.85,2.9,PT,6.75,4.75,130.0,-270.0,1,-44114.00000000001,285.99999999999886,tgt_stop
2026-01-14,2026-01-20,6,3.0,25793.7,26550,25000,2026-01-14 10:00:59+05:30,4.4,10.2,2026-01-14 11:44:59+05:30,4.1,8.5,PT,14.6,12.6,130.0,-270.0,5+,-44384.00000000001,415.99999999999886,tgt_stop
2026-01-16,2026-01-20,4,3.0,26125.0,26900,25350,2026-01-16 10:00:59+05:30,1.2,11.05,2026-01-16 10:15:59+05:30,1.1,9.0,PT,12.25,10.1,139.75000000000003,-260.25,4,-44644.25000000001,555.7499999999989,tgt_stop
2026-01-19,2026-01-20,1,3.0,25559.9,26350,24800,2026-01-19 10:00:59+05:30,2.05,2.45,2026-01-19 15:14:59+05:30,1.35,1.55,time,4.5,2.9000000000000004,103.99999999999997,-296.0,1,-44940.25000000001,659.7499999999989,tgt_stop
2026-01-21,2026-01-27,6,3.0,25202.5,25950,24450,2026-01-21 10:00:59+05:30,8.05,18.6,2026-01-21 10:13:59+05:30,8.55,16.0,PT,26.650000000000002,24.55,136.50000000000009,-263.4999999999999,5+,-45203.75000000001,796.249999999999,tgt_stop
2026-01-23,2026-01-27,4,3.0,25640.2,26400,24850,2026-01-23 10:00:59+05:30,1.85,13.8,2026-01-23 10:31:59+05:30,1.7,11.3,PT,15.65,13.0,172.25000000000003,-227.74999999999997,4,-45431.50000000001,968.499999999999,tgt_stop
2026-01-28,2026-02-03,6,3.0,25751.0,26500,25000,2026-01-28 10:00:59+05:30,10.35,110.3,2026-01-28 10:01:59+05:30,10.05,107.9,PT,120.64999999999999,117.95,175.49999999999926,-224.50000000000074,5+,-45656.00000000001,1143.9999999999982,tgt_stop
2026-01-30,2026-02-03,4,3.0,25561.0,26350,24800,2026-01-30 10:00:59+05:30,8.65,50.35,2026-01-30 10:01:59+05:30,8.6,46.75,PT,59.0,55.35,237.24999999999991,-162.75000000000009,4,-45818.75000000001,1381.2499999999982,tgt_stop
2026-02-01,2026-02-03,2,3.0,25729.5,26500,24950,2026-02-01 10:00:59+05:30,8.7,66.35,2026-02-01 10:06:59+05:30,8.65,64.35,PT,75.05,73.0,133.24999999999983,-266.75000000000017,2,-46085.50000000001,1514.499999999998,tgt_stop
2026-02-02,2026-02-03,1,3.0,25228.5,26000,24450,2026-02-02 10:00:59+05:30,2.15,38.15,2026-02-02 10:01:59+05:30,2.1,35.1,PT,40.3,37.2,201.49999999999963,-198.50000000000037,1,-46284.00000000001,1715.9999999999975,tgt_stop
2026-02-04,2026-02-10,6,3.0,26010.2,26800,25250,2026-02-04 10:00:59+05:30,6.85,35.8,2026-02-04 10:05:59+05:30,6.35,33.65,PT,42.65,40.0,172.24999999999991,-227.75000000000009,5+,-46511.75000000001,1888.2499999999975,tgt_stop
2026-02-06,2026-02-10,4,3.0,25955.0,26750,25200,2026-02-06 10:00:59+05:30,3.3,20.5,2026-02-06 10:23:59+05:30,3.15,18.6,PT,23.8,21.75,133.25000000000006,-266.74999999999994,4,-46778.50000000001,2021.4999999999975,tgt_stop
2026-02-09,2026-02-10,1,3.0,26200.3,27000,25400,2026-02-09 10:00:59+05:30,1.45,8.5,2026-02-09 15:14:59+05:30,1.7,10.7,time,9.95,12.399999999999999,-159.24999999999994,-559.25,1,-47337.75000000001,1862.2499999999975,tgt_stop
2026-02-11,2026-02-17,6,3.0,26161.4,26950,25400,2026-02-11 10:00:59+05:30,4.05,17.05,2026-02-11 10:19:59+05:30,3.85,15.25,PT,21.1,19.1,130.0,-270.0,5+,-47607.75000000001,1992.2499999999975,tgt_stop
2026-02-13,2026-02-17,4,3.0,25609.9,26400,24850,2026-02-13 10:00:59+05:30,6.2,8.55,2026-02-13 12:00:59+05:30,5.45,7.3,PT,14.75,12.75,130.0,-270.0,4,-47877.75000000001,2122.2499999999973,tgt_stop
2026-02-16,2026-02-17,1,3.0,25857.0,26650,25100,2026-02-16 10:00:59+05:30,2.05,10.1,2026-02-16 15:14:59+05:30,1.65,10.2,time,12.149999999999999,11.85,19.49999999999993,-380.50000000000006,1,-48258.25000000001,2141.7499999999973,tgt_stop
2026-02-18,2026-02-24,6,3.0,25840.4,26600,25050,2026-02-18 10:00:59+05:30,5.0,18.55,2026-02-18 10:24:59+05:30,5.25,16.3,PT,23.55,21.55,130.0,-270.0,5+,-48528.25000000001,2271.7499999999973,tgt_stop
2026-02-20,2026-02-24,4,3.0,25680.7,26450,24900,2026-02-20 10:00:59+05:30,4.8,20.4,2026-02-20 10:28:59+05:30,4.45,18.75,PT,25.2,23.2,130.0,-270.0,4,-48798.25000000001,2401.7499999999973,tgt_stop
2026-02-23,2026-02-24,1,3.0,26040.0,26800,25250,2026-02-23 10:00:59+05:30,1.45,15.1,2026-02-23 10:23:59+05:30,1.55,12.95,PT,16.55,14.5,133.25000000000006,-266.74999999999994,1,-49065.00000000001,2534.9999999999973,tgt_stop
2026-02-25,2026-03-02,5,3.0,26049.4,26850,25250,2026-02-25 10:00:59+05:30,2.35,37.05,2026-02-25 10:07:59+05:30,2.15,35.15,PT,39.4,37.3,136.50000000000009,-263.4999999999999,5+,-49328.50000000001,2671.4999999999973,tgt_stop
2026-02-27,2026-03-02,3,3.0,25470.0,26250,24700,2026-02-27 10:00:59+05:30,3.35,8.0,2026-02-27 15:03:59+05:30,3.55,13.8,SL,11.35,17.35,-390.0000000000001,-790.0000000000001,3,-50118.50000000001,2281.4999999999973,tgt_stop
2026-03-02,2026-03-10,8,3.0,25349.0,26100,24600,2026-03-02 10:00:59+05:30,9.5,135.15,2026-03-02 10:02:59+05:30,9.5,143.0,SL,144.65,152.5,-510.24999999999966,-910.2499999999997,5+,-51028.75000000001,1771.2499999999977,tgt_stop
2026-03-04,2026-03-10,6,3.0,24703.6,25450,23950,2026-03-04 10:00:59+05:30,22.9,189.85,2026-03-04 10:01:59+05:30,22.75,187.65,PT,212.75,210.4,152.74999999999963,-247.25000000000037,5+,-51276.00000000001,1923.9999999999973,tgt_stop
2026-03-06,2026-03-10,4,3.0,24723.2,25450,24000,2026-03-06 10:00:59+05:30,11.95,53.5,2026-03-06 10:03:59+05:30,11.7,51.35,PT,65.45,63.05,156.00000000000037,-243.99999999999963,4,-51520.00000000001,2079.9999999999977,tgt_stop
2026-03-09,2026-03-10,1,3.0,24147.0,24850,23400,2026-03-09 10:00:59+05:30,9.85,99.25,2026-03-09 10:01:59+05:30,9.8,93.55,PT,109.1,103.35,373.75,-26.25,1,-51546.25000000001,2453.7499999999977,tgt_stop
2026-03-11,2026-03-17,6,3.0,24231.5,24950,23500,2026-03-11 10:00:59+05:30,30.9,78.9,2026-03-11 10:03:59+05:30,30.9,76.6,PT,109.80000000000001,107.5,149.50000000000074,-250.49999999999926,5+,-51796.75000000001,2603.2499999999986,tgt_stop
2026-03-13,2026-03-17,4,3.0,23417.0,24100,22700,2026-03-13 10:00:59+05:30,31.9,62.05,2026-03-13 10:01:59+05:30,31.8,59.55,PT,93.94999999999999,91.35,168.99999999999963,-231.00000000000037,4,-52027.75000000001,2772.249999999998,tgt_stop
2026-03-16,2026-03-17,1,3.0,23395.7,24100,22700,2026-03-16 10:00:59+05:30,6.8,41.1,2026-03-16 10:04:59+05:30,6.6,38.25,PT,47.9,44.85,198.24999999999983,-201.75000000000017,1,-52229.50000000001,2970.499999999998,tgt_stop
2026-03-18,2026-03-24,6,3.0,23845.0,24550,23150,2026-03-18 10:00:59+05:30,15.2,84.05,2026-03-18 10:06:59+05:30,14.65,90.9,SL,99.25,105.55000000000001,-409.50000000000074,-809.5000000000007,5+,-53039.00000000001,2560.9999999999973,tgt_stop
2026-03-20,2026-03-24,4,3.0,23555.0,24250,22850,2026-03-20 10:00:59+05:30,13.25,116.45,2026-03-20 10:02:59+05:30,13.05,125.95,SL,129.7,139.0,-604.5000000000007,-1004.5000000000007,4,-54043.50000000001,1956.4999999999966,tgt_stop
2026-03-23,2026-03-24,1,3.0,22731.2,23400,22050,2026-03-23 10:00:59+05:30,18.65,73.05,2026-03-23 10:01:59+05:30,18.2,68.95,PT,91.69999999999999,87.15,295.74999999999886,-104.25000000000114,1,-54147.75000000001,2252.2499999999955,tgt_stop
2026-03-25,2026-03-30,5,3.0,23297.4,24000,22600,2026-03-25 10:00:59+05:30,50.9,95.45,2026-03-25 10:01:59+05:30,49.3,94.95,PT,146.35,144.25,136.49999999999963,-263.50000000000034,5+,-54411.25000000001,2388.749999999995,tgt_stop
2026-03-27,2026-03-30,3,3.0,23117.6,23800,22400,2026-03-27 10:00:59+05:30,24.55,75.55,2026-03-27 10:03:59+05:30,25.0,68.9,PT,100.1,93.9,402.99999999999926,2.999999999999261,3,-54408.25000000001,2791.749999999994,tgt_stop
2026-03-30,2026-04-07,8,3.0,22856.1,23550,22150,2026-03-30 10:00:59+05:30,101.75,265.55,2026-03-30 10:01:59+05:30,101.55,261.65,PT,367.3,363.2,266.5000000000015,-133.49999999999852,5+,-54541.75000000001,3058.2499999999955,tgt_stop
2026-04-01,2026-04-07,6,3.0,23126.0,23800,22450,2026-04-01 10:00:59+05:30,42.9,140.0,2026-04-01 10:01:59+05:30,42.0,137.95,PT,182.9,179.95,191.7500000000011,-208.2499999999989,5+,-54750.00000000001,3249.9999999999964,tgt_stop
2026-04-06,2026-04-07,1,3.0,22785.0,23450,22100,2026-04-06 10:00:59+05:30,12.35,61.35,2026-04-06 10:01:59+05:30,12.1,59.0,PT,73.7,71.1,169.00000000000057,-230.99999999999943,1,-54981.00000000001,3418.999999999997,tgt_stop
2026-04-08,2026-04-13,5,3.0,23949.0,24650,23250,2026-04-08 10:00:59+05:30,29.95,57.5,2026-04-08 10:02:59+05:30,28.75,56.05,PT,87.45,84.8,172.25000000000037,-227.74999999999963,5+,-55208.75000000001,3591.2499999999973,tgt_stop
2026-04-10,2026-04-13,3,3.0,24311.8,25050,23600,2026-04-10 10:00:59+05:30,2.2,41.9,2026-04-10 10:05:59+05:30,2.15,48.8,SL,44.1,50.949999999999996,-445.24999999999966,-845.2499999999997,3,-56054.00000000001,3145.9999999999977,tgt_stop
2026-04-13,2026-04-21,8,3.0,23700.0,24400,23000,2026-04-13 10:00:59+05:30,53.0,104.0,2026-04-13 10:01:59+05:30,52.7,100.4,PT,157.0,153.10000000000002,253.49999999999852,-146.50000000000148,5+,-56200.50000000001,3399.4999999999964,tgt_stop
2026-04-15,2026-04-21,6,3.0,24375.0,25100,23650,2026-04-15 10:00:59+05:30,10.45,63.1,2026-04-15 10:05:59+05:30,10.4,60.95,PT,73.55,71.35000000000001,142.99999999999926,-257.00000000000074,5+,-56457.50000000001,3542.4999999999955,tgt_stop
2026-04-17,2026-04-21,4,3.0,24511.0,25250,23800,2026-04-17 10:00:59+05:30,2.4,47.1,2026-04-17 10:04:59+05:30,2.35,44.1,PT,49.5,46.45,198.24999999999983,-201.75000000000017,4,-56659.25000000001,3740.7499999999955,tgt_stop
2025-04-21,2025-04-24,3,4.0,24145.7,25100,23200,2025-04-21 10:00:59+05:30,3.1,14.0,2025-04-21 11:00:59+05:30,3.45,11.65,PT,17.1,15.100000000000001,130.0,-270.0,3,-270.0,130.0,tgt_stop
2025-04-23,2025-04-24,1,4.0,24550.0,25550,23550,2025-04-23 10:00:59+05:30,1.1,4.0,2025-04-23 15:14:59+05:30,1.35,6.85,time,5.1,8.2,-201.49999999999997,-601.5,1,-871.5,-71.49999999999997,tgt_stop
2025-04-25,2025-04-30,5,4.0,24400.0,25400,23400,2025-04-25 10:00:59+05:30,3.2,43.9,2025-04-25 10:01:59+05:30,3.15,40.55,PT,47.1,43.699999999999996,221.00000000000037,-178.99999999999963,5+,-1050.4999999999995,149.5000000000004,tgt_stop
2025-04-28,2025-04-30,2,4.0,24570.0,25550,23600,2025-04-28 10:00:59+05:30,1.3,20.25,2025-04-28 10:05:59+05:30,1.15,17.7,PT,21.55,18.849999999999998,175.50000000000017,-224.49999999999983,2,-1274.9999999999993,325.00000000000057,tgt_stop
2025-04-30,2025-05-08,8,4.0,24557.4,25550,23600,2025-04-30 10:00:59+05:30,3.9,53.55,2025-04-30 10:35:59+05:30,3.55,60.0,SL,57.449999999999996,63.55,-396.5000000000001,-796.5000000000001,5+,-2071.4999999999995,-71.49999999999955,tgt_stop
2025-05-02,2025-05-08,6,4.0,24810.4,25800,23800,2025-05-02 10:00:59+05:30,1.7,35.35,2025-05-02 10:14:59+05:30,1.7,33.3,PT,37.050000000000004,35.0,133.25000000000028,-266.7499999999997,5+,-2338.249999999999,61.75000000000074,tgt_stop
2025-05-05,2025-05-08,3,4.0,24692.8,25700,23700,2025-05-05 10:00:59+05:30,1.35,18.9,2025-05-05 11:10:59+05:30,1.3,16.35,PT,20.25,17.650000000000002,168.99999999999986,-231.00000000000014,3,-2569.249999999999,230.7500000000006,tgt_stop
2025-05-07,2025-05-08,1,4.0,24454.1,25450,23500,2025-05-07 10:00:59+05:30,1.3,15.75,2025-05-07 11:01:59+05:30,1.3,12.65,PT,17.05,13.950000000000001,201.49999999999997,-198.50000000000003,1,-2767.749999999999,432.25000000000057,tgt_stop
2025-05-09,2025-05-15,6,4.0,24160.0,25150,23200,2025-05-09 10:00:59+05:30,5.75,101.0,2025-05-09 10:03:59+05:30,5.7,111.5,SL,106.75,117.2,-679.2500000000002,-1079.2500000000002,5+,-3846.999999999999,-246.99999999999966,tgt_stop
2025-05-12,2025-05-15,3,4.0,25024.4,26050,24000,2025-05-12 10:00:59+05:30,2.0,22.25,2025-05-12 10:58:59+05:30,1.95,29.1,SL,24.25,31.05,-442.00000000000006,-842.0,3,-4688.999999999999,-688.9999999999998,tgt_stop
2025-05-14,2025-05-15,1,4.0,24782.9,25750,23800,2025-05-14 10:00:59+05:30,1.3,2.2,2025-05-14 15:14:59+05:30,1.05,2.15,time,3.5,3.2,19.49999999999999,-380.5,1,-5069.499999999999,-669.4999999999998,tgt_stop
2025-05-16,2025-05-22,6,4.0,25169.0,26200,24150,2025-05-16 10:00:59+05:30,4.5,23.05,2025-05-16 10:20:59+05:30,4.65,20.75,PT,27.55,25.4,139.75000000000014,-260.2499999999999,5+,-5329.749999999999,-529.7499999999997,tgt_stop
2025-05-19,2025-05-22,3,4.0,25159.0,26150,24150,2025-05-19 10:00:59+05:30,3.05,13.45,2025-05-19 10:49:59+05:30,3.0,11.5,PT,16.5,14.5,130.0,-270.0,3,-5599.749999999999,-399.74999999999966,tgt_stop
2025-05-21,2025-05-22,1,4.0,25119.0,26100,24100,2025-05-21 10:00:59+05:30,1.05,4.6,2025-05-21 15:14:59+05:30,0.95,2.85,time,5.6499999999999995,3.8,120.24999999999997,-279.75,1,-5879.499999999999,-279.49999999999966,tgt_stop
2025-05-23,2025-05-29,6,4.0,24820.1,25800,23850,2025-05-23 10:00:59+05:30,6.65,15.15,2025-05-23 11:49:59+05:30,9.15,19.65,SL,21.8,28.799999999999997,-454.9999999999998,-854.9999999999998,5+,-6734.499999999999,-734.4999999999994,tgt_stop
2025-05-26,2025-05-29,3,4.0,25179.0,26200,24150,2025-05-26 10:00:59+05:30,3.15,15.15,2025-05-26 10:27:59+05:30,2.5,25.5,SL,18.3,28.0,-630.5,-1030.5,3,-7764.999999999999,-1364.9999999999995,tgt_stop
2025-05-28,2025-05-29,1,4.0,24794.5,25800,23800,2025-05-28 10:00:59+05:30,2.7,1.85,2025-05-28 14:25:59+05:30,1.45,1.1,PT,4.550000000000001,2.55,130.00000000000006,-269.99999999999994,1,-8034.999999999999,-1234.9999999999995,tgt_stop
2025-05-30,2025-06-05,6,4.0,25045.2,26050,24050,2025-05-30 10:00:59+05:30,3.85,19.4,2025-05-30 10:18:59+05:30,4.05,26.6,SL,23.25,30.650000000000002,-481.0000000000001,-881.0000000000001,5+,-8916.0,-1715.9999999999995,tgt_stop
2025-06-02,2025-06-05,3,4.0,24700.0,25700,23700,2025-06-02 10:00:59+05:30,5.1,7.0,2025-06-02 12:35:59+05:30,10.35,7.95,SL,12.1,18.3,-403.00000000000006,-803.0,3,-9719.0,-2118.9999999999995,tgt_stop
2025-06-04,2025-06-05,1,4.0,24925.0,25900,23950,2025-06-04 10:00:59+05:30,0.9,2.9,2025-06-04 15:14:59+05:30,0.8,1.85,time,3.8,2.6500000000000004,74.74999999999997,-325.25,1,-10044.25,-2044.2499999999995,tgt_stop
2025-06-06,2025-06-12,6,4.0,24792.5,25800,23800,2025-06-06 10:00:59+05:30,4.5,9.1,2025-06-06 10:06:59+05:30,4.2,6.35,PT,13.6,10.55,198.24999999999994,-201.75000000000006,5+,-10246.0,-1845.9999999999995,tgt_stop
2025-06-09,2025-06-12,3,4.0,25165.0,26150,24150,2025-06-09 10:00:59+05:30,2.15,5.45,2025-06-09 14:56:59+05:30,1.55,4.05,PT,7.6,5.6,130.0,-270.0,3,-10516.0,-1715.9999999999995,tgt_stop
2025-06-11,2025-06-12,1,4.0,25449.8,26450,24450,2025-06-11 10:00:59+05:30,0.65,2.15,2025-06-11 15:14:59+05:30,0.7,2.05,time,2.8,2.75,3.2499999999999885,-396.75,1,-10912.75,-1712.7499999999995,tgt_stop
2025-06-13,2025-06-19,6,4.0,24925.0,25900,23950,2025-06-13 10:00:59+05:30,2.7,37.05,2025-06-13 10:25:59+05:30,2.85,33.85,PT,39.75,36.7,198.24999999999983,-201.75000000000017,5+,-11114.5,-1514.4999999999998,tgt_stop
2025-06-16,2025-06-19,3,4.0,24915.0,25900,23900,2025-06-16 10:00:59+05:30,1.6,11.65,2025-06-16 10:18:59+05:30,1.5,9.65,PT,13.25,11.15,136.49999999999997,-263.5,3,-11378.0,-1377.9999999999998,tgt_stop
2025-06-18,2025-06-19,1,4.0,25173.3,26200,24150,2025-06-18 10:00:59+05:30,0.65,3.45,2025-06-18 15:14:59+05:30,0.75,3.25,time,4.1000000000000005,4.0,6.500000000000035,-393.49999999999994,1,-11771.5,-1371.4999999999998,tgt_stop
2025-06-20,2025-06-26,6,4.0,25105.0,26100,24100,2025-06-20 10:00:59+05:30,1.7,15.45,2025-06-20 15:14:59+05:30,2.05,17.5,time,17.15,19.55,-156.00000000000014,-556.0000000000001,5+,-12327.5,-1527.5,tgt_stop
2025-06-23,2025-06-26,3,4.0,24855.1,25850,23850,2025-06-23 10:00:59+05:30,2.25,8.7,2025-06-23 11:18:59+05:30,2.05,6.8,PT,10.95,8.85,136.49999999999997,-263.5,3,-12591.0,-1391.0,tgt_stop
2025-06-25,2025-06-26,1,4.0,25319.0,26350,24300,2025-06-25 10:00:59+05:30,0.75,1.9,2025-06-25 15:14:59+05:30,0.85,2.55,time,2.65,3.4,-48.75,-448.75,1,-13039.75,-1439.75,tgt_stop
2025-06-27,2025-07-03,6,4.0,25663.9,26700,24650,2025-06-27 10:00:59+05:30,2.0,10.8,2025-06-27 11:07:59+05:30,1.7,9.1,PT,12.8,10.799999999999999,130.0000000000001,-269.9999999999999,5+,-13309.75,-1309.75,tgt_stop
2025-06-30,2025-07-03,3,4.0,25811.0,26850,24800,2025-06-30 10:00:59+05:30,1.35,7.45,2025-06-30 15:14:59+05:30,1.4,5.8,time,8.8,7.199999999999999,104.00000000000009,-295.9999999999999,3,-13605.75,-1205.75,tgt_stop
2025-07-02,2025-07-03,1,4.0,25748.0,26800,24700,2025-07-02 10:00:59+05:30,0.6,1.25,2025-07-02 15:14:59+05:30,0.55,0.9,time,1.85,1.4500000000000002,25.999999999999993,-374.0,1,-13979.75,-1179.75,tgt_stop
2025-07-04,2025-07-10,6,4.0,25767.0,26800,24750,2025-07-04 10:00:59+05:30,1.25,11.4,2025-07-04 11:18:59+05:30,1.1,9.5,PT,12.65,10.6,133.25000000000006,-266.74999999999994,5+,-14246.5,-1046.5,tgt_stop
2025-07-07,2025-07-10,3,4.0,25662.8,26700,24650,2025-07-07 10:00:59+05:30,1.0,4.45,2025-07-07 15:14:59+05:30,0.95,4.55,time,5.45,5.5,-3.2499999999999885,-403.25,3,-14649.75,-1049.75,tgt_stop
2025-07-09,2025-07-10,1,4.0,25710.5,26750,24700,2025-07-09 10:00:59+05:30,0.6,1.3,2025-07-09 15:14:59+05:30,0.65,1.1,time,1.9,1.75,9.749999999999995,-390.25,1,-15040.0,-1040.0,tgt_stop
2025-07-11,2025-07-17,6,4.0,25341.0,26350,24350,2025-07-11 10:00:59+05:30,1.9,4.85,2025-07-11 15:14:59+05:30,1.75,6.7,time,6.75,8.45,-110.49999999999996,-510.49999999999994,5+,-15550.5,-1150.5,tgt_stop
2025-07-14,2025-07-17,3,4.0,25447.3,26450,24450,2025-07-14 10:00:59+05:30,1.15,5.9,2025-07-14 15:14:59+05:30,1.15,5.1,time,7.050000000000001,6.25,52.00000000000004,-347.99999999999994,3,-15898.5,-1098.5,tgt_stop
2025-07-16,2025-07-17,1,4.0,25456.7,26450,24450,2025-07-16 10:00:59+05:30,0.65,1.15,2025-07-16 15:14:59+05:30,0.6,1.15,time,1.7999999999999998,1.75,3.2499999999999885,-396.75,1,-16295.25,-1095.25,tgt_stop
2025-07-18,2025-07-24,6,4.0,25199.0,26200,24200,2025-07-18 10:00:59+05:30,1.75,4.95,2025-07-18 15:14:59+05:30,1.55,6.65,time,6.7,8.200000000000001,-97.50000000000006,-497.50000000000006,5+,-16792.75,-1192.75,tgt_stop
2025-07-21,2025-07-24,3,4.0,25340.0,26350,24350,2025-07-21 10:00:59+05:30,1.15,4.9,2025-07-21 15:14:59+05:30,0.9,3.7,time,6.050000000000001,4.6000000000000005,94.25000000000001,-305.75,3,-17098.5,-1098.5,tgt_stop
2025-07-23,2025-07-24,1,4.0,25394.5,26400,24400,2025-07-23 10:00:59+05:30,0.45,1.0,2025-07-23 15:14:59+05:30,0.5,1.25,time,1.45,1.75,-19.500000000000004,-419.5,1,-17518.0,-1118.0,tgt_stop
2025-07-25,2025-07-31,6,4.0,25051.0,26050,24050,2025-07-25 10:00:59+05:30,1.75,5.3,2025-07-25 15:14:59+05:30,2.3,6.45,time,7.05,8.75,-110.50000000000001,-510.5,5+,-18028.5,-1228.5,tgt_stop
2025-07-28,2025-07-31,3,4.0,24937.3,25950,23950,2025-07-28 10:00:59+05:30,1.85,3.2,2025-07-28 15:14:59+05:30,1.95,5.2,time,5.050000000000001,7.15,-136.49999999999997,-536.5,3,-18565.0,-1365.0,tgt_stop
2025-07-30,2025-07-31,1,4.0,24830.1,25800,23850,2025-07-30 10:00:59+05:30,0.9,1.1,2025-07-30 15:14:59+05:30,0.9,1.1,time,2.0,2.0,0.0,-400.0,1,-18965.0,-1365.0,tgt_stop
2025-08-01,2025-08-07,6,4.0,24901.8,25900,23900,2025-08-01 10:00:59+05:30,1.9,9.75,2025-08-01 10:20:59+05:30,1.9,7.65,PT,11.65,9.55,136.49999999999997,-263.5,5+,-19228.5,-1228.5,tgt_stop
2025-08-04,2025-08-07,3,4.0,24945.9,25950,23950,2025-08-04 10:00:59+05:30,1.15,10.35,2025-08-04 10:24:59+05:30,1.1,8.4,PT,11.5,9.5,130.0,-270.0,3,-19498.5,-1098.5,tgt_stop
2025-08-06,2025-08-07,1,4.0,24707.4,25700,23700,2025-08-06 10:00:59+05:30,0.7,1.15,2025-08-06 15:14:59+05:30,0.65,0.95,time,1.8499999999999999,1.6,16.249999999999986,-383.75,1,-19882.25,-1082.25,tgt_stop
2025-08-08,2025-08-14,6,4.0,24677.7,25650,23700,2025-08-08 10:00:59+05:30,1.65,7.6,2025-08-08 15:14:59+05:30,1.7,10.9,time,9.25,12.6,-217.74999999999997,-617.75,5+,-20500.0,-1300.0,tgt_stop
2025-08-11,2025-08-14,3,4.0,24731.0,25700,23750,2025-08-11 10:00:59+05:30,1.3,6.5,2025-08-11 11:23:59+05:30,1.0,4.8,PT,7.8,5.8,130.0,-270.0,3,-20770.0,-1170.0,tgt_stop
2025-08-13,2025-08-14,1,4.0,24820.0,25800,23850,2025-08-13 10:00:59+05:30,0.6,1.55,2025-08-13 15:14:59+05:30,0.45,1.45,time,2.15,1.9,16.25,-383.75,1,-21153.75,-1153.75,tgt_stop
2025-08-18,2025-08-21,3,4.0,25304.9,26300,24300,2025-08-18 10:00:59+05:30,1.1,6.55,2025-08-18 15:14:59+05:30,0.9,5.8,time,7.65,6.7,61.750000000000014,-338.25,3,-21492.0,-1092.0,tgt_stop
2025-08-20,2025-08-21,1,4.0,25263.0,26250,24250,2025-08-20 10:00:59+05:30,0.55,1.55,2025-08-20 15:14:59+05:30,0.4,1.4,time,2.1,1.7999999999999998,19.500000000000018,-380.5,1,-21872.5,-1072.5,tgt_stop
2025-08-22,2025-08-28,6,4.0,25111.5,26100,24100,2025-08-22 10:00:59+05:30,1.55,4.25,2025-08-22 15:14:59+05:30,1.5,5.1,time,5.8,6.6,-51.999999999999986,-452.0,5+,-22324.5,-1124.5,tgt_stop
2025-08-25,2025-08-28,3,4.0,25075.0,26100,24050,2025-08-25 10:00:59+05:30,1.1,2.1,2025-08-25 15:14:59+05:30,0.75,1.9,time,3.2,2.65,35.750000000000014,-364.25,3,-22688.75,-1088.75,tgt_stop
2025-08-29,2025-09-02,4,4.0,24745.0,25750,23750,2025-08-29 10:00:59+05:30,1.1,2.95,2025-08-29 15:14:59+05:30,0.8,2.3,time,4.050000000000001,3.0999999999999996,61.75000000000007,-338.24999999999994,4,-23027.0,-1027.0,tgt_stop
2025-09-01,2025-09-02,1,4.0,24919.4,25900,23900,2025-09-01 10:00:59+05:30,0.6,1.55,2025-09-01 15:14:59+05:30,0.5,1.75,time,2.15,2.25,-6.500000000000005,-406.5,1,-23433.5,-1033.5,tgt_stop
2025-09-03,2025-09-09,6,4.0,24702.1,25700,23700,2025-09-03 10:00:59+05:30,1.5,3.8,2025-09-03 15:14:59+05:30,1.2,3.9,time,5.3,5.1,13.00000000000001,-387.0,5+,-23820.5,-1020.5,tgt_stop
2025-09-05,2025-09-09,4,4.0,24893.0,25900,23900,2025-09-05 10:00:59+05:30,0.9,2.1,2025-09-05 15:14:59+05:30,0.65,2.15,time,3.0,2.8,13.00000000000001,-387.0,4,-24207.5,-1007.5,tgt_stop
2025-09-08,2025-09-09,1,4.0,24914.5,25900,23900,2025-09-08 10:00:59+05:30,0.65,1.55,2025-09-08 15:14:59+05:30,0.65,1.0,time,2.2,1.65,35.750000000000014,-364.25,1,-24571.75,-971.75,tgt_stop
2025-09-10,2025-09-16,6,4.0,25320.0,26350,24300,2025-09-10 10:00:59+05:30,0.9,7.2,2025-09-10 15:14:59+05:30,0.8,6.65,time,8.1,7.45,42.249999999999964,-357.75000000000006,5+,-24929.5,-929.5,tgt_stop
2025-09-12,2025-09-16,4,4.0,25270.0,26300,24250,2025-09-12 10:00:59+05:30,0.65,2.55,2025-09-12 15:14:59+05:30,0.5,2.7,time,3.1999999999999997,3.2,-2.886579864025407e-14,-400.00000000000006,4,-25329.5,-929.5,tgt_stop
2025-09-15,2025-09-16,1,4.0,25290.0,26300,24300,2025-09-15 10:00:59+05:30,0.5,1.7,2025-09-15 15:14:59+05:30,0.6,1.65,time,2.2,2.25,-3.2499999999999885,-403.25,1,-25732.75,-932.75,tgt_stop
2025-09-17,2025-09-23,6,4.0,25524.8,26550,24500,2025-09-17 10:00:59+05:30,1.3,5.5,2025-09-17 15:14:59+05:30,0.95,5.45,time,6.8,6.4,25.999999999999964,-374.00000000000006,5+,-26106.75,-906.75,tgt_stop
2025-09-19,2025-09-23,4,4.0,25360.1,26350,24350,2025-09-19 10:00:59+05:30,1.25,2.6,2025-09-19 15:14:59+05:30,0.85,2.1,time,3.85,2.95,58.49999999999999,-341.5,4,-26448.25,-848.25,tgt_stop
2025-09-22,2025-09-23,1,4.0,25631.0,26650,24600,2025-09-22 10:00:59+05:30,0.55,2.05,2025-09-22 15:14:59+05:30,0.8,1.65,time,2.5999999999999996,2.45,9.749999999999964,-390.25000000000006,1,-26838.5,-838.5,tgt_stop
2025-09-24,2025-09-30,6,4.0,25142.2,26150,24150,2025-09-24 10:00:59+05:30,1.95,4.05,2025-09-24 15:14:59+05:30,1.5,3.5,time,6.0,5.0,65.0,-335.0,5+,-27173.5,-773.5,tgt_stop
2025-09-26,2025-09-30,4,4.0,24975.0,25950,24000,2025-09-26 10:00:59+05:30,1.85,3.35,2025-09-26 15:14:59+05:30,2.0,4.35,time,5.2,6.35,-74.74999999999997,-474.75,4,-27648.25,-848.25,tgt_stop
2025-09-29,2025-09-30,1,4.0,24812.0,25800,23800,2025-09-29 10:00:59+05:30,1.4,2.45,2025-09-29 15:14:59+05:30,1.65,1.85,time,3.85,3.5,22.750000000000007,-377.25,1,-28025.5,-825.5,tgt_stop
2025-10-01,2025-10-07,6,4.0,25075.0,26100,24050,2025-10-01 10:00:59+05:30,1.2,8.25,2025-10-01 10:44:59+05:30,1.1,6.3,PT,9.45,7.4,133.24999999999994,-266.75000000000006,5+,-28292.25,-692.25,tgt_stop
2025-10-03,2025-10-07,4,4.0,24947.3,25950,23950,2025-10-03 10:01:59+05:30,0.9,2.8,2025-10-03 15:14:59+05:30,0.7,2.55,time,3.6999999999999997,3.25,29.249999999999982,-370.75,4,-28663.0,-663.0,tgt_stop
2025-10-06,2025-10-07,1,4.0,25339.0,26350,24350,2025-10-06 10:00:59+05:30,0.5,2.45,2025-10-06 15:14:59+05:30,0.6,2.3,time,2.95,2.9,3.2500000000000173,-396.75,1,-29059.75,-659.75,tgt_stop
2025-10-08,2025-10-14,6,4.0,25534.8,26550,24500,2025-10-08 10:00:59+05:30,1.0,6.25,2025-10-08 15:14:59+05:30,1.2,6.8,time,7.25,8.0,-48.75,-448.75,5+,-29508.5,-708.5,tgt_stop
2025-10-10,2025-10-14,4,4.0,25505.0,26550,24500,2025-10-10 10:00:59+05:30,0.75,3.7,2025-10-10 15:14:59+05:30,0.55,3.55,time,4.45,4.1,22.750000000000036,-377.24999999999994,4,-29885.75,-685.75,tgt_stop
2025-10-13,2025-10-14,1,4.0,25418.4,26450,24400,2025-10-13 10:00:59+05:30,0.75,2.85,2025-10-13 15:14:59+05:30,0.85,2.1,time,3.6,2.95,42.24999999999999,-357.75,1,-30243.5,-643.5,tgt_stop
2025-10-15,2025-10-20,5,4.0,25318.9,26350,24300,2025-10-15 10:00:59+05:30,1.35,4.75,2025-10-15 15:14:59+05:30,1.05,4.2,time,6.1,5.25,55.24999999999998,-344.75,5+,-30588.25,-588.25,tgt_stop
2025-10-17,2025-10-20,3,4.0,25668.0,26700,24650,2025-10-17 10:00:59+05:30,0.8,3.45,2025-10-17 15:14:59+05:30,0.8,2.8,time,4.25,3.5999999999999996,42.25000000000002,-357.75,3,-30946.0,-546.0,tgt_stop
2025-10-20,2025-10-28,8,4.0,25990.0,27050,24950,2025-10-20 10:00:59+05:30,1.8,15.3,2025-10-20 10:41:59+05:30,1.8,13.05,PT,17.1,14.850000000000001,146.25,-253.75,5+,-31199.75,-399.75,tgt_stop
2025-10-24,2025-10-28,4,4.0,26254.9,27300,25200,2025-10-24 10:00:59+05:30,1.25,5.95,2025-10-24 15:14:59+05:30,1.45,4.95,time,7.2,6.4,51.999999999999986,-348.0,4,-31547.75,-347.75,tgt_stop
2025-10-27,2025-10-28,1,4.0,26150.0,27200,25100,2025-10-27 10:00:59+05:30,0.8,3.2,2025-10-27 15:14:59+05:30,0.9,3.1,time,4.0,4.0,0.0,-400.0,1,-31947.75,-347.75,tgt_stop
2025-10-29,2025-11-04,6,4.0,26168.0,27200,25100,2025-10-29 10:00:59+05:30,2.3,5.95,2025-10-29 15:14:59+05:30,1.6,5.55,time,8.25,7.15,71.49999999999997,-328.5,5+,-32276.25,-276.25,tgt_stop
2025-10-31,2025-11-04,4,4.0,26086.8,27150,25050,2025-10-31 10:00:59+05:30,1.2,3.7,2025-10-31 15:14:59+05:30,1.7,3.25,time,4.9,4.95,-3.2499999999999885,-403.25,4,-32679.5,-279.5,tgt_stop
2025-11-03,2025-11-04,1,4.0,26083.5,27150,25050,2025-11-03 10:00:59+05:30,1.0,2.7,2025-11-03 15:14:59+05:30,0.95,1.7,time,3.7,2.65,68.25000000000001,-331.75,1,-33011.25,-211.25,tgt_stop
2025-11-07,2025-11-11,4,4.0,25441.0,26450,24400,2025-11-07 10:00:59+05:30,1.95,2.35,2025-11-07 15:14:59+05:30,1.2,2.05,time,4.3,3.25,68.24999999999999,-331.75,4,-33343.0,-143.0,tgt_stop
2025-11-10,2025-11-11,1,4.0,25662.1,26700,24650,2025-11-10 10:00:59+05:30,0.75,1.8,2025-11-10 15:14:59+05:30,0.65,1.3,time,2.55,1.9500000000000002,38.99999999999998,-361.0,1,-33704.0,-104.00000000000003,tgt_stop
2025-11-12,2025-11-18,6,4.0,26285.0,27350,25250,2025-11-12 10:00:59+05:30,0.95,13.4,2025-11-12 13:20:59+05:30,0.85,11.5,PT,14.35,12.35,130.0,-270.0,5+,-33974.0,25.99999999999997,tgt_stop
2025-11-14,2025-11-18,4,4.0,25887.0,26900,24850,2025-11-14 10:00:59+05:30,2.25,3.85,2025-11-14 12:29:59+05:30,1.55,2.55,PT,6.1,4.1,130.0,-270.0,4,-34244.0,155.99999999999997,tgt_stop
2025-11-17,2025-11-18,1,4.0,26382.9,27450,25350,2025-11-17 10:00:59+05:30,0.65,2.55,2025-11-17 15:14:59+05:30,0.5,2.5,time,3.1999999999999997,3.0,12.999999999999982,-387.0,1,-34631.0,168.99999999999994,tgt_stop
2025-11-19,2025-11-25,6,4.0,26133.0,27200,25100,2025-11-19 10:00:59+05:30,1.6,7.35,2025-11-19 15:14:59+05:30,1.45,5.9,time,8.95,7.3500000000000005,103.99999999999991,-296.0000000000001,5+,-34927.0,272.9999999999999,tgt_stop
2025-11-21,2025-11-25,4,4.0,26136.0,27200,25100,2025-11-21 10:00:59+05:30,1.4,3.35,2025-11-21 15:14:59+05:30,1.05,2.95,time,4.75,4.0,48.75,-351.25,4,-35278.25,321.7499999999999,tgt_stop
2025-11-24,2025-11-25,1,4.0,26304.9,27350,25250,2025-11-24 10:00:59+05:30,0.9,1.6,2025-11-24 15:14:59+05:30,0.9,1.2,time,2.5,2.1,25.999999999999993,-374.0,1,-35652.25,347.7499999999999,tgt_stop
2025-11-26,2025-12-02,6,4.0,26292.0,27350,25250,2025-11-26 10:00:59+05:30,1.15,5.65,2025-11-26 15:14:59+05:30,1.2,5.6,time,6.800000000000001,6.8,5.773159728050814e-14,-399.99999999999994,5+,-36052.25,347.74999999999994,tgt_stop
2025-11-28,2025-12-02,4,4.0,26734.0,27800,25650,2025-11-28 10:00:59+05:30,0.65,4.95,2025-11-28 15:14:59+05:30,0.6,3.95,time,5.6000000000000005,4.55,68.25000000000004,-331.74999999999994,4,-36384.0,416.0,tgt_stop
2025-12-01,2025-12-02,1,4.0,26442.8,27500,25400,2025-12-01 10:00:59+05:30,0.85,1.8,2025-12-01 15:14:59+05:30,0.8,1.25,time,2.65,2.05,39.00000000000001,-361.0,1,-36745.0,455.0,tgt_stop
2025-12-03,2025-12-09,6,4.0,26095.0,27150,25050,2025-12-03 10:00:59+05:30,1.85,4.7,2025-12-03 15:11:59+05:30,1.35,3.2,PT,6.550000000000001,4.550000000000001,130.0,-270.0,5+,-37015.0,585.0,tgt_stop
2025-12-05,2025-12-09,4,4.0,26157.7,27200,25100,2025-12-05 10:00:59+05:30,1.2,1.9,2025-12-05 15:14:59+05:30,0.75,1.9,time,3.0999999999999996,2.65,29.249999999999982,-370.75,4,-37385.75,614.25,tgt_stop
2025-12-08,2025-12-09,1,4.0,26230.4,27300,25200,2025-12-08 10:00:59+05:30,0.85,1.25,2025-12-08 15:14:59+05:30,1.5,1.3,time,2.1,2.8,-45.499999999999986,-445.5,1,-37831.25,568.75,tgt_stop
2025-12-10,2025-12-16,6,4.0,26160.2,27200,25100,2025-12-10 10:00:59+05:30,1.6,5.1,2025-12-10 15:14:59+05:30,1.8,7.35,time,6.699999999999999,9.15,-159.25000000000006,-559.25,5+,-38390.5,409.49999999999994,tgt_stop
2025-12-12,2025-12-16,4,4.0,26117.0,27150,25050,2025-12-12 10:00:59+05:30,1.0,2.7,2025-12-12 15:14:59+05:30,0.9,2.45,time,3.7,3.35,22.750000000000007,-377.25,4,-38767.75,432.24999999999994,tgt_stop
2025-12-15,2025-12-16,1,4.0,26199.9,27250,25150,2025-12-15 10:00:59+05:30,0.9,1.85,2025-12-15 15:14:59+05:30,0.7,1.7,time,2.75,2.4,22.750000000000007,-377.25,1,-39145.0,454.99999999999994,tgt_stop
2025-12-17,2025-12-23,6,4.0,26102.0,27150,25050,2025-12-17 10:00:59+05:30,1.85,4.75,2025-12-17 15:14:59+05:30,1.65,3.85,time,6.6,5.5,71.49999999999997,-328.5,5+,-39473.5,526.4999999999999,tgt_stop
2025-12-19,2025-12-23,4,4.0,26328.0,27400,25250,2025-12-19 10:00:59+05:30,0.8,4.1,2025-12-19 15:14:59+05:30,0.7,3.3,time,4.8999999999999995,4.0,58.499999999999964,-341.50000000000006,4,-39815.0,584.9999999999999,tgt_stop
2025-12-22,2025-12-23,1,4.0,26490.0,27550,25450,2025-12-22 10:00:59+05:30,0.7,2.8,2025-12-22 15:12:59+05:30,0.55,2.6,time,3.5,3.1500000000000004,22.74999999999998,-377.25,1,-40192.25,607.7499999999999,tgt_stop
2025-12-24,2025-12-30,6,4.0,26575.0,27650,25500,2025-12-24 10:00:59+05:30,1.05,4.9,2025-12-24 15:09:59+05:30,0.85,3.1,PT,5.95,3.95,130.0,-270.0,5+,-40462.25,737.7499999999999,tgt_stop
2025-12-26,2025-12-30,4,4.0,26409.9,27450,25350,2025-12-26 10:00:59+05:30,0.95,2.0,2025-12-26 15:14:59+05:30,0.85,1.8,time,2.95,2.65,19.500000000000018,-380.5,4,-40842.75,757.2499999999999,tgt_stop
2025-12-29,2025-12-30,1,4.0,26210.0,27250,25150,2025-12-29 10:00:59+05:30,0.9,1.15,2025-12-29 15:14:59+05:30,0.95,1.1,time,2.05,2.05,0.0,-400.0,1,-41242.75,757.2499999999999,tgt_stop
2025-12-31,2026-01-06,6,4.0,26141.0,27200,25100,2025-12-31 10:00:59+05:30,1.3,3.0,2025-12-31 15:14:59+05:30,0.95,3.25,time,4.3,4.2,6.499999999999977,-393.5,5+,-41636.25,763.7499999999999,tgt_stop
2026-01-02,2026-01-06,4,4.0,26395.7,27450,25350,2026-01-02 10:00:59+05:30,0.65,2.85,2026-01-02 15:14:59+05:30,0.5,1.8,time,3.5,2.3,78.00000000000001,-322.0,4,-41958.25,841.7499999999999,tgt_stop
2026-01-05,2026-01-06,1,4.0,26450.0,27500,25400,2026-01-05 10:00:59+05:30,0.6,1.65,2026-01-05 15:14:59+05:30,0.6,0.9,time,2.25,1.5,48.75,-351.25,1,-42309.5,890.4999999999999,tgt_stop
2026-01-07,2026-01-13,6,4.0,26579.8,27650,25500,2026-01-07 10:00:59+05:30,0.9,4.55,2026-01-07 15:14:59+05:30,0.75,3.7,time,5.45,4.45,65.0,-335.0,5+,-42644.5,955.4999999999999,tgt_stop
2026-01-09,2026-01-13,4,4.0,26340.0,27400,25300,2026-01-09 10:00:59+05:30,0.75,5.8,2026-01-09 12:36:59+05:30,1.25,11.9,SL,6.55,13.15,-429.00000000000006,-829.0,4,-43473.5,526.4999999999998,tgt_stop
2026-01-12,2026-01-13,1,4.0,25670.0,26700,24650,2026-01-12 10:00:59+05:30,2.1,2.95,2026-01-12 14:26:59+05:30,1.25,1.8,PT,5.050000000000001,3.05,130.00000000000006,-269.99999999999994,1,-43743.5,656.4999999999998,tgt_stop
2026-01-14,2026-01-20,6,4.0,25793.7,26850,24750,2026-01-14 10:00:59+05:30,2.1,6.4,2026-01-14 15:14:59+05:30,1.4,5.95,time,8.5,7.35,74.75000000000003,-325.25,5+,-44068.75,731.2499999999998,tgt_stop
2026-01-16,2026-01-20,4,4.0,26125.0,27150,25100,2026-01-16 10:00:59+05:30,0.9,5.3,2026-01-16 15:14:59+05:30,0.85,5.15,time,6.2,6.0,13.00000000000001,-387.0,4,-44455.75,744.2499999999998,tgt_stop
2026-01-19,2026-01-20,1,4.0,25559.9,26600,24550,2026-01-19 10:00:59+05:30,1.8,1.65,2026-01-19 15:14:59+05:30,1.1,1.15,time,3.45,2.25,78.00000000000001,-322.0,1,-44777.75,822.2499999999998,tgt_stop
2026-01-21,2026-01-27,6,4.0,25202.5,26200,24200,2026-01-21 10:00:59+05:30,4.85,12.05,2026-01-21 10:45:59+05:30,5.4,17.55,SL,16.9,22.950000000000003,-393.2500000000003,-793.2500000000002,5+,-45571.0,428.9999999999995,tgt_stop
2026-01-23,2026-01-27,4,4.0,25640.2,26650,24600,2026-01-23 10:00:59+05:30,1.35,6.25,2026-01-23 13:31:59+05:30,1.9,12.05,SL,7.6,13.950000000000001,-412.7500000000001,-812.7500000000001,4,-46383.75,16.249999999999375,tgt_stop
2026-01-28,2026-02-03,6,4.0,25751.0,26800,24700,2026-01-28 10:00:59+05:30,5.8,57.3,2026-01-28 10:08:59+05:30,5.55,70.35,SL,63.099999999999994,75.89999999999999,-831.9999999999998,-1231.9999999999998,5+,-47615.75,-815.7500000000005,tgt_stop
2026-01-30,2026-02-03,4,4.0,25561.0,26600,24550,2026-01-30 10:00:59+05:30,4.65,25.0,2026-01-30 10:41:59+05:30,4.4,23.15,PT,29.65,27.549999999999997,136.50000000000009,-263.4999999999999,4,-47879.25,-679.2500000000003,tgt_stop
2026-02-01,2026-02-03,2,4.0,25729.5,26750,24700,2026-02-01 10:00:59+05:30,5.1,32.95,2026-02-01 10:15:59+05:30,5.1,30.4,PT,38.050000000000004,35.5,165.75000000000028,-234.24999999999972,2,-48113.5,-513.5,tgt_stop
2026-02-02,2026-02-03,1,4.0,25228.5,26250,24200,2026-02-02 10:00:59+05:30,1.7,16.0,2026-02-02 10:11:59+05:30,1.55,12.5,PT,17.7,14.05,237.24999999999991,-162.75000000000009,1,-48276.25,-276.2500000000001,tgt_stop
2026-02-04,2026-02-10,6,4.0,26010.2,27050,24950,2026-02-04 10:00:59+05:30,4.05,18.4,2026-02-04 10:40:59+05:30,3.4,16.85,PT,22.45,20.25,142.99999999999994,-257.00000000000006,5+,-48533.25,-133.25000000000017,tgt_stop
2026-02-06,2026-02-10,4,4.0,25955.0,27000,24900,2026-02-06 10:00:59+05:30,2.3,7.95,2026-02-06 15:14:59+05:30,1.75,9.8,time,10.25,11.55,-84.50000000000004,-484.50000000000006,4,-49017.75,-217.75000000000023,tgt_stop
2026-02-09,2026-02-10,1,4.0,26200.3,27250,25150,2026-02-09 10:00:59+05:30,1.15,5.5,2026-02-09 15:14:59+05:30,1.45,7.65,time,6.65,9.1,-159.24999999999994,-559.25,1,-49577.0,-377.00000000000017,tgt_stop
2026-02-11,2026-02-17,6,4.0,26161.4,27200,25100,2026-02-11 10:00:59+05:30,2.7,10.05,2026-02-11 15:14:59+05:30,2.25,9.5,time,12.75,11.75,65.0,-335.0,5+,-49912.0,-312.00000000000017,tgt_stop
2026-02-13,2026-02-17,4,4.0,25609.9,26650,24600,2026-02-13 10:00:59+05:30,4.35,6.05,2026-02-13 15:14:59+05:30,4.6,7.15,time,10.399999999999999,11.75,-87.75000000000009,-487.7500000000001,4,-50399.75,-399.7500000000002,tgt_stop
2026-02-16,2026-02-17,1,4.0,25857.0,26900,24800,2026-02-16 10:00:59+05:30,1.5,5.75,2026-02-16 15:14:59+05:30,1.35,6.7,time,7.25,8.05,-52.00000000000004,-452.00000000000006,1,-50851.75,-451.7500000000003,tgt_stop
2026-02-18,2026-02-24,6,4.0,25840.4,26850,24800,2026-02-18 10:00:59+05:30,3.35,11.45,2026-02-18 12:07:59+05:30,2.85,9.95,PT,14.799999999999999,12.799999999999999,130.0,-270.0,5+,-51121.75,-321.7500000000003,tgt_stop
2026-02-20,2026-02-24,4,4.0,25680.7,26700,24650,2026-02-20 10:00:59+05:30,3.1,14.1,2026-02-20 10:30:59+05:30,2.5,12.45,PT,17.2,14.95,146.25,-253.75,4,-51375.5,-175.50000000000028,tgt_stop
2026-02-23,2026-02-24,1,4.0,26040.0,27100,25000,2026-02-23 10:00:59+05:30,1.15,9.15,2026-02-23 11:14:59+05:30,1.15,7.1,PT,10.3,8.25,133.25000000000006,-266.74999999999994,1,-51642.25,-42.25000000000023,tgt_stop
2026-02-25,2026-03-02,5,4.0,26049.4,27100,25000,2026-02-25 10:00:59+05:30,1.6,20.25,2026-02-25 11:07:59+05:30,1.4,18.45,PT,21.85,19.849999999999998,130.00000000000023,-269.9999999999998,5+,-51912.25,87.75,tgt_stop
2026-02-27,2026-03-02,3,4.0,25470.0,26500,24450,2026-02-27 10:00:59+05:30,2.15,4.9,2026-02-27 15:14:59+05:30,2.1,6.0,time,7.050000000000001,8.1,-68.24999999999993,-468.24999999999994,3,-52380.5,19.50000000000007,tgt_stop
2026-03-02,2026-03-10,8,4.0,25349.0,26350,24350,2026-03-02 10:00:59+05:30,5.35,89.3,2026-03-02 10:05:59+05:30,5.45,96.4,SL,94.64999999999999,101.85000000000001,-468.00000000000114,-868.0000000000011,5+,-53248.5,-448.5000000000011,tgt_stop
2026-03-04,2026-03-10,6,4.0,24703.6,25700,23700,2026-03-04 10:00:59+05:30,12.85,139.35,2026-03-04 10:01:59+05:30,12.8,137.1,PT,152.2,149.9,149.4999999999989,-250.5000000000011,5+,-53499.0,-299.00000000000216,tgt_stop
2026-03-06,2026-03-10,4,4.0,24723.2,25700,23750,2026-03-06 10:00:59+05:30,5.9,31.95,2026-03-06 10:07:59+05:30,5.45,29.7,PT,37.85,35.15,175.50000000000017,-224.49999999999983,4,-53723.5,-123.50000000000199,tgt_stop
2026-03-09,2026-03-10,1,4.0,24147.0,25100,23200,2026-03-09 10:00:59+05:30,5.75,62.95,2026-03-09 10:01:59+05:30,5.75,59.5,PT,68.7,65.25,224.25000000000017,-175.74999999999983,1,-53899.25,100.74999999999818,tgt_stop
2026-03-11,2026-03-17,6,4.0,24231.5,25200,23250,2026-03-11 10:00:59+05:30,14.65,50.7,2026-03-11 10:08:59+05:30,14.45,57.95,SL,65.35000000000001,72.4,-458.24999999999983,-858.2499999999998,5+,-54757.5,-357.50000000000165,tgt_stop
2026-03-13,2026-03-17,4,4.0,23417.0,24350,22500,2026-03-13 10:00:59+05:30,16.65,40.05,2026-03-13 10:02:59+05:30,16.45,36.45,PT,56.699999999999996,52.900000000000006,246.99999999999935,-153.00000000000065,4,-54910.5,-110.5000000000023,tgt_stop
2026-03-16,2026-03-17,1,4.0,23395.7,24350,22450,2026-03-16 10:00:59+05:30,3.9,19.85,2026-03-16 10:05:59+05:30,3.9,17.85,PT,23.75,21.75,130.0,-270.0,1,-55180.5,19.499999999997698,tgt_stop
2026-03-18,2026-03-24,6,4.0,23845.0,24800,22900,2026-03-18 10:00:59+05:30,7.6,55.15,2026-03-18 10:16:59+05:30,7.15,53.3,PT,62.75,60.449999999999996,149.50000000000028,-250.49999999999972,5+,-55431.0,168.99999999999798,tgt_stop
2026-03-20,2026-03-24,4,4.0,23555.0,24500,22600,2026-03-20 10:00:59+05:30,6.2,70.95,2026-03-20 10:07:59+05:30,6.05,68.9,PT,77.15,74.95,143.00000000000017,-256.99999999999983,4,-55688.0,311.9999999999982,tgt_stop
2026-03-23,2026-03-24,1,4.0,22731.2,23650,21800,2026-03-23 10:00:59+05:30,9.0,39.9,2026-03-23 10:01:59+05:30,8.75,37.9,PT,48.9,46.65,146.25,-253.75,1,-55941.75,458.2499999999982,tgt_stop
2026-03-25,2026-03-30,5,4.0,23297.4,24250,22350,2026-03-25 10:00:59+05:30,23.85,63.25,2026-03-25 10:02:59+05:30,22.2,62.55,PT,87.1,84.75,152.74999999999963,-247.25000000000037,5+,-56189.0,610.9999999999978,tgt_stop
2026-03-27,2026-03-30,3,4.0,23117.6,24050,22200,2026-03-27 10:00:59+05:30,11.1,48.9,2026-03-27 10:03:59+05:30,11.1,45.4,PT,60.0,56.5,227.5,-172.5,3,-56361.5,838.4999999999978,tgt_stop
2026-03-30,2026-04-07,8,4.0,22856.1,23750,21950,2026-03-30 12:33:59+05:30,46.0,85.0,2026-03-30 13:29:59+05:30,34.2,150.4,SL,131.0,184.60000000000002,-3484.0000000000014,-3884.0000000000014,5+,-60245.5,-2645.5000000000036,tgt_stop
2026-04-01,2026-04-07,6,4.0,23126.0,24050,22200,2026-04-01 10:00:59+05:30,22.5,92.25,2026-04-01 10:01:59+05:30,21.9,90.85,PT,114.75,112.75,130.0,-270.0,5+,-60515.5,-2515.5000000000036,tgt_stop
2026-04-06,2026-04-07,1,4.0,22785.0,23700,21850,2026-04-06 10:00:59+05:30,5.55,29.8,2026-04-06 10:02:59+05:30,5.5,27.7,PT,35.35,33.2,139.74999999999991,-260.2500000000001,1,-60775.75,-2375.7500000000036,tgt_stop
2026-04-08,2026-04-13,5,4.0,23949.0,24900,23000,2026-04-08 10:00:59+05:30,14.1,36.2,2026-04-08 10:05:59+05:30,13.5,34.8,PT,50.300000000000004,48.3,130.00000000000045,-269.99999999999955,5+,-61045.75,-2245.750000000003,tgt_stop
2026-04-10,2026-04-13,3,4.0,24311.8,25300,23350,2026-04-10 10:00:59+05:30,1.2,18.15,2026-04-10 10:16:59+05:30,1.25,15.8,PT,19.349999999999998,17.05,149.49999999999983,-250.50000000000017,3,-61296.25,-2096.250000000003,tgt_stop
2026-04-13,2026-04-21,8,4.0,23700.0,24650,22750,2026-04-13 10:00:59+05:30,23.85,65.75,2026-04-13 10:04:59+05:30,23.35,63.9,PT,89.6,87.25,152.74999999999963,-247.25000000000037,5+,-61543.5,-1943.5000000000036,tgt_stop
2026-04-15,2026-04-21,6,4.0,24375.0,25350,23400,2026-04-15 10:00:59+05:30,4.05,35.45,2026-04-15 10:12:59+05:30,4.05,33.25,PT,39.5,37.3,143.00000000000017,-256.99999999999983,5+,-61800.5,-1800.5000000000034,tgt_stop
2026-04-17,2026-04-21,4,4.0,24511.0,25500,23550,2026-04-17 10:00:59+05:30,1.3,20.65,2026-04-17 10:11:59+05:30,1.3,18.65,PT,21.95,19.95,130.0,-270.0,4,-62070.5,-1670.5000000000034,tgt_stop
2025-04-21,2025-04-24,3,5.0,24145.7,25350,22950,2025-04-21 10:00:59+05:30,1.95,8.75,2025-04-21 15:14:59+05:30,2.65,10.25,time,10.7,12.9,-143.00000000000006,-543.0,3,-543.0,-143.00000000000006,tgt_stop
2025-04-23,2025-04-24,1,5.0,24550.0,25800,23300,2025-04-23 10:00:59+05:30,0.9,2.75,2025-04-23 15:14:59+05:30,1.05,4.25,time,3.65,5.3,-107.25,-507.25,1,-1050.25,-250.25000000000006,tgt_stop
2025-04-25,2025-04-30,5,5.0,24400.0,25600,23200,2025-04-25 10:00:59+05:30,2.4,29.0,2025-04-25 10:01:59+05:30,2.35,26.9,PT,31.4,29.25,139.74999999999991,-260.2500000000001,5+,-1310.5,-110.50000000000014,tgt_stop
2025-04-28,2025-04-30,2,5.0,24570.0,25800,23350,2025-04-28 10:00:59+05:30,1.0,14.05,2025-04-28 11:06:59+05:30,0.75,12.25,PT,15.05,13.0,133.25000000000006,-266.74999999999994,2,-1577.25,22.749999999999915,tgt_stop
2025-04-30,2025-05-08,8,5.0,24557.4,25800,23350,2025-04-30 10:00:59+05:30,2.15,36.0,2025-04-30 13:28:59+05:30,1.65,43.0,SL,38.15,44.65,-422.5,-822.5,5+,-2399.75,-399.7500000000001,tgt_stop
2025-05-02,2025-05-08,6,5.0,24810.4,26050,23550,2025-05-02 10:00:59+05:30,1.2,25.0,2025-05-02 10:38:59+05:30,1.25,22.65,PT,26.2,23.9,149.50000000000006,-250.49999999999994,5+,-2650.25,-250.25000000000006,tgt_stop
2025-05-05,2025-05-08,3,5.0,24692.8,25950,23450,2025-05-05 10:00:59+05:30,1.1,13.8,2025-05-05 12:06:59+05:30,1.3,11.55,PT,14.9,12.850000000000001,133.24999999999994,-266.75000000000006,3,-2917.0,-117.00000000000011,tgt_stop
2025-05-07,2025-05-08,1,5.0,24454.1,25700,23250,2025-05-07 10:00:59+05:30,1.1,12.7,2025-05-07 11:01:59+05:30,1.15,10.25,PT,13.799999999999999,11.4,155.99999999999991,-244.00000000000009,1,-3161.0,38.9999999999998,tgt_stop
2025-05-09,2025-05-15,6,5.0,24160.0,25350,22950,2025-05-09 10:00:59+05:30,3.55,81.4,2025-05-09 10:03:59+05:30,3.6,89.35,SL,84.95,92.94999999999999,-519.9999999999991,-919.9999999999991,5+,-4080.999999999999,-480.9999999999993,tgt_stop
2025-05-14,2025-05-15,1,5.0,24782.9,26000,23550,2025-05-14 10:00:59+05:30,1.05,1.6,2025-05-14 15:14:59+05:30,0.85,1.35,time,2.6500000000000004,2.2,29.25000000000001,-370.75,1,-4451.749999999999,-451.7499999999993,tgt_stop
2025-05-16,2025-05-22,6,5.0,25169.0,26450,23900,2025-05-16 10:00:59+05:30,2.95,14.3,2025-05-16 12:32:59+05:30,3.1,12.15,PT,17.25,15.25,130.0,-270.0,5+,-4721.749999999999,-321.7499999999993,tgt_stop
2025-05-19,2025-05-22,3,5.0,25159.0,26400,23900,2025-05-19 10:00:59+05:30,2.1,7.8,2025-05-19 13:21:59+05:30,1.9,5.95,PT,9.9,7.85,133.25000000000006,-266.74999999999994,3,-4988.499999999999,-188.49999999999926,tgt_stop
2025-05-21,2025-05-22,1,5.0,25119.0,26350,23850,2025-05-21 10:00:59+05:30,0.95,2.1,2025-05-21 15:14:59+05:30,0.9,1.15,time,3.05,2.05,65.0,-335.0,1,-5323.499999999999,-123.49999999999926,tgt_stop
2025-05-23,2025-05-29,6,5.0,24820.1,26050,23600,2025-05-23 10:00:59+05:30,3.05,8.55,2025-05-23 15:14:59+05:30,2.6,8.0,time,11.600000000000001,10.6,65.00000000000011,-334.9999999999999,5+,-5658.499999999999,-58.49999999999915,tgt_stop
2025-05-26,2025-05-29,3,5.0,25179.0,26450,23900,2025-05-26 10:00:59+05:30,1.85,8.15,2025-05-26 10:36:59+05:30,1.7,14.4,SL,10.0,16.1,-396.5000000000001,-796.5000000000001,3,-6454.999999999999,-454.99999999999926,tgt_stop
2025-05-28,2025-05-29,1,5.0,24794.5,26050,23550,2025-05-28 10:00:59+05:30,1.65,1.3,2025-05-28 15:14:59+05:30,1.4,0.8,time,2.95,2.2,48.75,-351.25,1,-6806.249999999999,-406.24999999999926,tgt_stop
2025-05-30,2025-06-05,6,5.0,25045.2,26300,23800,2025-05-30 10:00:59+05:30,2.2,9.2,2025-05-30 15:14:59+05:30,1.95,9.0,time,11.399999999999999,10.95,29.249999999999954,-370.75000000000006,5+,-7176.999999999999,-376.9999999999993,tgt_stop
2025-06-02,2025-06-05,3,5.0,24700.0,25950,23450,2025-06-02 10:00:59+05:30,2.65,3.35,2025-06-02 15:14:59+05:30,2.7,3.15,time,6.0,5.85,9.750000000000023,-390.25,3,-7567.249999999999,-367.2499999999993,tgt_stop
2025-06-04,2025-06-05,1,5.0,24925.0,26150,23700,2025-06-04 10:00:59+05:30,0.8,1.1,2025-06-04 15:14:59+05:30,0.65,1.15,time,1.9000000000000001,1.7999999999999998,6.50000000000002,-393.5,1,-7960.749999999999,-360.7499999999993,tgt_stop
2025-06-06,2025-06-12,6,5.0,24792.5,26050,23550,2025-06-06 10:00:59+05:30,2.5,4.65,2025-06-06 15:14:59+05:30,2.5,3.2,time,7.15,5.7,94.25000000000001,-305.75,5+,-8266.5,-266.4999999999993,tgt_stop
2025-06-09,2025-06-12,3,5.0,25165.0,26400,23900,2025-06-09 10:00:59+05:30,1.55,3.0,2025-06-09 15:14:59+05:30,1.4,3.0,time,4.55,4.4,9.749999999999964,-390.25000000000006,3,-8656.75,-256.7499999999994,tgt_stop
2025-06-11,2025-06-12,1,5.0,25449.8,26700,24200,2025-06-11 10:00:59+05:30,0.55,1.25,2025-06-11 15:14:59+05:30,0.65,1.3,time,1.8,1.9500000000000002,-9.750000000000009,-409.75,1,-9066.5,-266.4999999999994,tgt_stop
2025-06-13,2025-06-19,6,5.0,24925.0,26150,23700,2025-06-13 10:00:59+05:30,1.85,23.05,2025-06-13 10:25:59+05:30,1.9,20.2,PT,24.900000000000002,22.099999999999998,182.00000000000028,-217.99999999999972,5+,-9284.5,-84.49999999999909,tgt_stop
2025-06-16,2025-06-19,3,5.0,24915.0,26150,23650,2025-06-16 10:00:59+05:30,1.25,7.35,2025-06-16 15:14:59+05:30,1.15,7.85,time,8.6,9.0,-26.00000000000002,-426.0,3,-9710.5,-110.49999999999912,tgt_stop
2025-06-18,2025-06-19,1,5.0,25173.3,26450,23900,2025-06-18 10:00:59+05:30,0.65,2.2,2025-06-18 15:14:59+05:30,0.8,1.95,time,2.85,2.75,6.500000000000005,-393.5,1,-10104.0,-103.99999999999912,tgt_stop
2025-06-20,2025-06-26,6,5.0,25105.0,26350,23850,2025-06-20 10:00:59+05:30,1.35,9.8,2025-06-20 15:14:59+05:30,1.35,11.8,time,11.15,13.15,-130.0,-530.0,5+,-10634.0,-233.99999999999912,tgt_stop
2025-06-23,2025-06-26,3,5.0,24855.1,26100,23600,2025-06-23 10:00:59+05:30,1.7,5.4,2025-06-23 15:14:59+05:30,1.65,5.4,time,7.1000000000000005,7.050000000000001,3.2499999999999885,-396.75,3,-11030.75,-230.74999999999912,tgt_stop
2025-06-25,2025-06-26,1,5.0,25319.0,26600,24050,2025-06-25 10:00:59+05:30,0.65,1.35,2025-06-25 15:14:59+05:30,0.7,1.8,time,2.0,2.5,-32.5,-432.5,1,-11463.25,-263.2499999999991,tgt_stop
2025-06-27,2025-07-03,6,5.0,25663.9,26950,24400,2025-06-27 10:00:59+05:30,1.4,6.45,2025-06-27 15:14:59+05:30,1.25,5.05,time,7.85,6.3,100.74999999999999,-299.25,5+,-11762.5,-162.4999999999991,tgt_stop
2025-06-30,2025-07-03,3,5.0,25811.0,27100,24500,2025-06-30 10:00:59+05:30,1.15,3.65,2025-06-30 15:14:59+05:30,1.3,2.6,time,4.8,3.9000000000000004,58.499999999999964,-341.50000000000006,3,-12104.0,-103.99999999999912,tgt_stop
2025-07-02,2025-07-03,1,5.0,25748.0,27050,24450,2025-07-02 10:01:59+05:30,0.65,0.9,2025-07-02 15:11:59+05:30,0.45,0.7,time,1.55,1.15,26.000000000000007,-374.0,1,-12478.0,-77.99999999999912,tgt_stop
2025-07-04,2025-07-10,6,5.0,25767.0,27050,24500,2025-07-04 10:00:59+05:30,1.1,5.7,2025-07-04 15:14:59+05:30,0.75,5.35,time,6.800000000000001,6.1,45.50000000000007,-354.49999999999994,5+,-12832.5,-32.49999999999905,tgt_stop
2025-07-07,2025-07-10,3,5.0,25662.8,26950,24400,2025-07-07 10:00:59+05:30,0.8,2.75,2025-07-07 15:14:59+05:30,0.7,2.75,time,3.55,3.45,6.499999999999977,-393.5,3,-13226.0,-25.99999999999907,tgt_stop
2025-07-09,2025-07-10,1,5.0,25710.5,27000,24400,2025-07-09 10:00:59+05:30,0.45,0.95,2025-07-09 15:14:59+05:30,0.55,0.75,time,1.4,1.3,6.499999999999991,-393.5,1,-13619.5,-19.499999999999076,tgt_stop
2025-07-11,2025-07-17,6,5.0,25341.0,26600,24050,2025-07-11 10:00:59+05:30,1.35,3.05,2025-07-11 15:14:59+05:30,1.15,3.9,time,4.4,5.05,-42.249999999999964,-442.24999999999994,5+,-14061.75,-61.74999999999904,tgt_stop
2025-07-14,2025-07-17,3,5.0,25447.3,26700,24150,2025-07-14 10:00:59+05:30,0.9,3.05,2025-07-14 15:14:59+05:30,1.0,2.55,time,3.9499999999999997,3.55,25.999999999999993,-374.0,3,-14435.75,-35.74999999999905,tgt_stop
2025-07-16,2025-07-17,1,5.0,25456.7,26750,24200,2025-07-16 10:01:59+05:30,0.5,0.8,2025-07-16 15:14:59+05:30,0.55,0.85,time,1.3,1.4,-6.499999999999991,-406.5,1,-14842.25,-42.24999999999904,tgt_stop
2025-07-18,2025-07-24,6,5.0,25199.0,26450,23950,2025-07-18 10:00:59+05:30,1.15,3.0,2025-07-18 15:14:59+05:30,1.25,3.85,time,4.15,5.1,-61.74999999999996,-461.74999999999994,5+,-15304.0,-103.999999999999,tgt_stop
2025-07-21,2025-07-24,3,5.0,25340.0,26600,24050,2025-07-21 10:00:59+05:30,1.0,2.45,2025-07-21 15:14:59+05:30,0.8,2.0,time,3.45,2.8,42.25000000000002,-357.75,3,-15661.75,-61.749999999998984,tgt_stop
2025-07-23,2025-07-24,1,5.0,25394.5,26650,24100,2025-07-23 10:00:59+05:30,0.4,0.8,2025-07-23 15:14:59+05:30,0.5,0.95,time,1.2000000000000002,1.45,-16.249999999999986,-416.25,1,-16078.0,-77.99999999999898,tgt_stop
2025-07-25,2025-07-31,6,5.0,25051.0,26300,23800,2025-07-25 10:00:59+05:30,1.35,3.35,2025-07-25 15:14:59+05:30,1.75,4.0,time,4.7,5.75,-68.24999999999999,-468.25,5+,-16546.25,-146.24999999999898,tgt_stop
2025-07-28,2025-07-31,3,5.0,24937.3,26200,23700,2025-07-28 10:00:59+05:30,1.35,2.05,2025-07-28 15:14:59+05:30,1.35,3.05,time,3.4,4.4,-65.00000000000003,-465.0,3,-17011.25,-211.249999999999,tgt_stop
2025-07-30,2025-07-31,1,5.0,24830.1,26050,23600,2025-07-30 10:00:59+05:30,0.6,0.8,2025-07-30 15:14:59+05:30,0.8,0.75,time,1.4,1.55,-9.750000000000009,-409.75,1,-17421.0,-220.999999999999,tgt_stop
2025-08-01,2025-08-07,6,5.0,24901.8,26150,23650,2025-08-01 10:00:59+05:30,1.3,5.55,2025-08-01 15:14:59+05:30,1.2,7.65,time,6.85,8.85,-130.0,-530.0,5+,-17951.0,-350.999999999999,tgt_stop
2025-08-04,2025-08-07,3,5.0,24945.9,26200,23700,2025-08-04 10:00:59+05:30,0.85,4.5,2025-08-04 15:14:59+05:30,0.7,3.0,time,5.35,3.7,107.24999999999997,-292.75,3,-18243.75,-243.749999999999,tgt_stop
2025-08-06,2025-08-07,1,5.0,24707.4,25950,23450,2025-08-06 10:01:59+05:30,0.55,0.85,2025-08-06 15:14:59+05:30,0.6,0.7,time,1.4,1.2999999999999998,6.500000000000005,-393.5,1,-18637.25,-237.249999999999,tgt_stop
2025-08-08,2025-08-14,6,5.0,24677.7,25900,23450,2025-08-08 10:00:59+05:30,1.25,4.5,2025-08-08 15:14:59+05:30,1.35,5.95,time,5.75,7.300000000000001,-100.75000000000004,-500.75000000000006,5+,-19138.0,-337.99999999999903,tgt_stop
2025-08-11,2025-08-14,3,5.0,24731.0,25950,23500,2025-08-11 10:00:59+05:30,1.1,3.4,2025-08-11 15:14:59+05:30,0.65,3.05,time,4.5,3.6999999999999997,52.000000000000014,-348.0,3,-19486.0,-285.99999999999903,tgt_stop
2025-08-13,2025-08-14,1,5.0,24820.0,26050,23600,2025-08-13 10:00:59+05:30,0.5,1.1,2025-08-13 15:14:59+05:30,0.4,1.1,time,1.6,1.5,6.500000000000005,-393.5,1,-19879.5,-279.49999999999903,tgt_stop
2025-08-18,2025-08-21,3,5.0,25304.9,26550,24050,2025-08-18 10:01:59+05:30,0.9,3.75,2025-08-18 15:14:59+05:30,0.7,3.2,time,4.65,3.9000000000000004,48.75,-351.25,3,-20230.75,-230.74999999999903,tgt_stop
2025-08-20,2025-08-21,1,5.0,25263.0,26550,24000,2025-08-20 10:01:59+05:30,0.4,1.2,2025-08-20 15:14:59+05:30,0.3,1.05,time,1.6,1.35,16.25,-383.75,1,-20614.5,-214.49999999999903,tgt_stop
2025-08-22,2025-08-28,6,5.0,25111.5,26350,23850,2025-08-22 10:00:59+05:30,1.15,2.75,2025-08-22 15:14:59+05:30,1.05,3.3,time,3.9,4.35,-29.249999999999982,-429.25,5+,-21043.75,-243.749999999999,tgt_stop
2025-08-25,2025-08-28,3,5.0,25075.0,26350,23800,2025-08-25 10:00:59+05:30,0.9,1.55,2025-08-25 15:14:59+05:30,0.6,1.45,time,2.45,2.05,26.00000000000002,-374.0,3,-21417.75,-217.74999999999898,tgt_stop
2025-08-29,2025-09-02,4,5.0,24745.0,26000,23500,2025-08-29 10:00:59+05:30,0.85,2.1,2025-08-29 15:14:59+05:30,0.7,1.5,time,2.95,2.2,48.75,-351.25,4,-21769.0,-168.99999999999898,tgt_stop
2025-09-01,2025-09-02,1,5.0,24919.4,26150,23650,2025-09-01 10:05:59+05:30,0.55,1.35,2025-09-01 15:13:59+05:30,0.5,1.35,time,1.9000000000000001,1.85,3.2500000000000027,-396.75,1,-22165.75,-165.74999999999898,tgt_stop
2025-09-03,2025-09-09,6,5.0,24702.1,25950,23450,2025-09-03 10:00:59+05:30,1.0,2.8,2025-09-03 15:14:59+05:30,0.75,2.8,time,3.8,3.55,16.25,-383.75,5+,-22549.5,-149.49999999999898,tgt_stop
2025-09-05,2025-09-09,4,5.0,24893.0,26150,23650,2025-09-05 10:00:59+05:30,0.7,1.55,2025-09-05 15:14:59+05:30,0.45,1.35,time,2.25,1.8,29.249999999999996,-370.75,4,-22920.25,-120.24999999999898,tgt_stop
2025-09-08,2025-09-09,1,5.0,24914.5,26150,23650,2025-09-08 10:00:59+05:30,0.4,1.15,2025-09-08 15:14:59+05:30,0.5,0.9,time,1.5499999999999998,1.4,9.749999999999995,-390.25,1,-23310.5,-110.49999999999898,tgt_stop
2025-09-10,2025-09-16,6,5.0,25320.0,26600,24050,2025-09-10 10:03:59+05:30,0.7,4.5,2025-09-10 15:14:59+05:30,0.7,4.5,time,5.2,5.2,0.0,-400.0,5+,-23710.5,-110.49999999999898,tgt_stop
2025-09-12,2025-09-16,4,5.0,25270.0,26550,24000,2025-09-12 10:00:59+05:30,0.6,2.1,2025-09-12 15:14:59+05:30,0.4,2.25,time,2.7,2.65,3.2500000000000173,-396.75,4,-24107.25,-107.24999999999896,tgt_stop
2025-09-15,2025-09-16,1,5.0,25290.0,26550,24050,2025-09-15 10:01:59+05:30,0.5,1.45,2025-09-15 15:14:59+05:30,0.5,1.3,time,1.95,1.8,9.749999999999995,-390.25,1,-24497.5,-97.49999999999896,tgt_stop
2025-09-17,2025-09-23,6,5.0,25524.8,26800,24250,2025-09-17 10:00:59+05:30,1.0,4.15,2025-09-17 15:14:59+05:30,0.7,4.0,time,5.15,4.7,29.25000000000001,-370.75,5+,-24868.25,-68.24999999999895,tgt_stop
2025-09-19,2025-09-23,4,5.0,25360.1,26650,24100,2025-09-19 10:00:59+05:30,0.8,2.1,2025-09-19 15:14:59+05:30,0.6,1.65,time,2.9000000000000004,2.25,42.25000000000002,-357.75,4,-25226.0,-25.999999999998927,tgt_stop
2025-09-22,2025-09-23,1,5.0,25631.0,26900,24350,2025-09-22 10:00:59+05:30,0.5,1.8,2025-09-22 15:14:59+05:30,0.7,1.15,time,2.3,1.8499999999999999,29.249999999999996,-370.75,1,-25596.75,3.2500000000010694,tgt_stop
2025-09-24,2025-09-30,6,5.0,25142.2,26400,23900,2025-09-24 10:00:59+05:30,1.4,3.4,2025-09-24 15:14:59+05:30,1.2,3.0,time,4.8,4.2,38.99999999999998,-361.0,5+,-25957.75,42.25000000000105,tgt_stop
2025-09-26,2025-09-30,4,5.0,24975.0,26200,23750,2025-09-26 10:00:59+05:30,1.35,2.7,2025-09-26 15:14:59+05:30,1.65,2.75,time,4.050000000000001,4.4,-22.74999999999998,-422.75,4,-26380.5,19.500000000001073,tgt_stop
2025-09-29,2025-09-30,1,5.0,24812.0,26050,23550,2025-09-29 10:00:59+05:30,1.1,2.0,2025-09-29 15:14:59+05:30,1.45,1.55,time,3.1,3.0,6.500000000000005,-393.5,1,-26774.0,26.00000000000108,tgt_stop
2025-10-01,2025-10-07,6,5.0,25075.0,26350,23800,2025-10-01 10:03:59+05:30,1.0,4.65,2025-10-01 15:07:59+05:30,0.7,2.9,PT,5.65,3.5999999999999996,133.25000000000006,-266.74999999999994,5+,-27040.75,159.25000000000114,tgt_stop
2025-10-03,2025-10-07,4,5.0,24947.3,26200,23700,2025-10-03 10:00:59+05:30,0.8,2.15,2025-10-03 15:14:59+05:30,0.5,1.95,time,2.95,2.45,32.5,-367.5,4,-27408.25,191.75000000000114,tgt_stop
2025-10-06,2025-10-07,1,5.0,25339.0,26600,24050,2025-10-06 10:01:59+05:30,0.5,1.8,2025-10-06 15:14:59+05:30,0.5,1.7,time,2.3,2.2,6.499999999999977,-393.5,1,-27801.75,198.2500000000011,tgt_stop
2025-10-08,2025-10-14,6,5.0,25534.8,26800,24250,2025-10-08 10:00:59+05:30,0.9,4.3,2025-10-08 15:14:59+05:30,1.1,3.6,time,5.2,4.7,32.5,-367.5,5+,-28169.25,230.7500000000011,tgt_stop
2025-10-10,2025-10-14,4,5.0,25505.0,26800,24250,2025-10-10 10:00:59+05:30,0.65,2.9,2025-10-10 15:14:59+05:30,0.45,2.65,time,3.55,3.1,29.249999999999982,-370.75,4,-28540.0,260.0000000000011,tgt_stop
2025-10-13,2025-10-14,1,5.0,25418.4,26700,24150,2025-10-13 10:02:59+05:30,0.6,2.05,2025-10-13 15:14:59+05:30,0.65,1.6,time,2.65,2.25,25.999999999999993,-374.0,1,-28914.0,286.0000000000011,tgt_stop
2025-10-15,2025-10-20,5,5.0,25318.9,26600,24050,2025-10-15 10:00:59+05:30,1.15,3.5,2025-10-15 15:14:59+05:30,0.95,3.4,time,4.65,4.35,19.500000000000046,-380.49999999999994,5+,-29294.5,305.50000000000114,tgt_stop
2025-10-17,2025-10-20,3,5.0,25668.0,26950,24400,2025-10-17 10:00:59+05:30,0.65,2.7,2025-10-17 15:14:59+05:30,0.65,2.05,time,3.35,2.6999999999999997,42.25000000000002,-357.75,3,-29652.25,347.75000000000114,tgt_stop
2025-10-20,2025-10-28,8,5.0,25990.0,27300,24700,2025-10-20 10:00:59+05:30,1.3,10.5,2025-10-20 11:28:59+05:30,1.0,8.8,PT,11.8,9.8,130.0,-270.0,5+,-29922.25,477.75000000000114,tgt_stop
2025-10-24,2025-10-28,4,5.0,26254.9,27550,24950,2025-10-24 10:00:59+05:30,1.05,4.5,2025-10-24 15:14:59+05:30,1.2,3.6,time,5.55,4.8,48.75,-351.25,4,-30273.5,526.5000000000011,tgt_stop
2025-10-27,2025-10-28,1,5.0,26150.0,27450,24850,2025-10-27 10:00:59+05:30,0.65,2.5,2025-10-27 15:14:59+05:30,0.6,2.45,time,3.15,3.0500000000000003,6.499999999999977,-393.5,1,-30667.0,533.0000000000011,tgt_stop
2025-10-29,2025-11-04,6,5.0,26168.0,27500,24850,2025-10-29 10:00:59+05:30,1.6,4.25,2025-10-29 15:14:59+05:30,1.25,3.8,time,5.85,5.05,51.999999999999986,-348.0,5+,-31015.0,585.0000000000011,tgt_stop
2025-10-31,2025-11-04,4,5.0,26086.8,27400,24800,2025-10-31 10:00:59+05:30,1.0,2.75,2025-10-31 15:14:59+05:30,1.25,2.0,time,3.75,3.25,32.5,-367.5,4,-31382.5,617.5000000000011,tgt_stop
2025-11-03,2025-11-04,1,5.0,26083.5,27400,24800,2025-11-03 10:00:59+05:30,0.8,1.85,2025-11-03 15:14:59+05:30,0.85,1.3,time,2.6500000000000004,2.15,32.50000000000003,-367.5,1,-31750.0,650.0000000000011,tgt_stop
2025-11-07,2025-11-11,4,5.0,25441.0,26700,24150,2025-11-07 10:00:59+05:30,1.5,1.75,2025-11-07 15:14:59+05:30,0.8,1.7,time,3.25,2.5,48.75,-351.25,4,-32101.25,698.7500000000011,tgt_stop
2025-11-10,2025-11-11,1,5.0,25662.1,26950,24400,2025-11-10 10:00:59+05:30,0.6,1.35,2025-11-10 15:14:59+05:30,0.65,1.05,time,1.9500000000000002,1.7000000000000002,16.25,-383.75,1,-32485.0,715.0000000000011,tgt_stop
2025-11-12,2025-11-18,6,5.0,26285.0,27600,24950,2025-11-12 10:03:59+05:30,0.85,7.3,2025-11-12 15:14:59+05:30,0.75,6.6,time,8.15,7.35,52.00000000000004,-347.99999999999994,5+,-32833.0,767.0000000000011,tgt_stop
2025-11-14,2025-11-18,4,5.0,25887.0,27200,24600,2025-11-14 10:00:59+05:30,1.5,2.7,2025-11-14 15:14:59+05:30,0.9,2.1,time,4.2,3.0,78.00000000000001,-322.0,4,-33155.0,845.0000000000011,tgt_stop
2025-11-17,2025-11-18,1,5.0,26382.9,27700,25050,2025-11-17 10:00:59+05:30,0.55,1.9,2025-11-17 15:14:59+05:30,0.5,1.8,time,2.45,2.3,9.750000000000023,-390.25,1,-33545.25,854.7500000000011,tgt_stop
2025-11-19,2025-11-25,6,5.0,26133.0,27450,24850,2025-11-19 10:00:59+05:30,1.2,5.15,2025-11-19 15:14:59+05:30,1.0,4.35,time,6.3500000000000005,5.35,65.00000000000006,-334.99999999999994,5+,-33880.25,919.7500000000011,tgt_stop
2025-11-21,2025-11-25,4,5.0,26136.0,27450,24850,2025-11-21 10:00:59+05:30,1.05,2.5,2025-11-21 15:14:59+05:30,0.8,2.2,time,3.55,3.0,35.749999999999986,-364.25,4,-34244.5,955.5000000000011,tgt_stop
2025-11-24,2025-11-25,1,5.0,26304.9,27600,25000,2025-11-24 10:00:59+05:30,0.7,1.4,2025-11-24 15:14:59+05:30,0.6,1.0,time,2.0999999999999996,1.6,32.49999999999997,-367.5,1,-34612.0,988.0000000000011,tgt_stop
2025-11-26,2025-12-02,6,5.0,26292.0,27600,25000,2025-11-26 10:00:59+05:30,0.85,4.1,2025-11-26 15:14:59+05:30,0.95,4.4,time,4.949999999999999,5.3500000000000005,-26.00000000000008,-426.00000000000006,5+,-35038.0,962.000000000001,tgt_stop
2025-12-01,2025-12-02,1,5.0,26442.8,27750,25100,2025-12-01 10:00:59+05:30,0.65,1.45,2025-12-01 15:14:59+05:30,0.65,1.05,time,2.1,1.7000000000000002,25.999999999999993,-374.0,1,-35412.0,988.000000000001,tgt_stop
2025-12-03,2025-12-09,6,5.0,26095.0,27400,24800,2025-12-03 10:00:59+05:30,1.4,3.25,2025-12-03 15:14:59+05:30,1.2,2.35,time,4.65,3.55,71.50000000000003,-328.5,5+,-35740.5,1059.5000000000011,tgt_stop
2025-12-05,2025-12-09,4,5.0,26157.7,27450,24850,2025-12-05 10:00:59+05:30,0.9,1.6,2025-12-05 15:14:59+05:30,0.75,1.6,time,2.5,2.35,9.749999999999995,-390.25,4,-36130.75,1069.2500000000011,tgt_stop
2025-12-08,2025-12-09,1,5.0,26230.4,27550,24900,2025-12-08 10:01:59+05:30,0.75,1.0,2025-12-08 15:14:59+05:30,1.2,1.1,time,1.75,2.3,-35.749999999999986,-435.75,1,-36566.5,1033.5000000000011,tgt_stop
2025-12-10,2025-12-16,6,5.0,26160.2,27450,24850,2025-12-10 10:01:59+05:30,1.35,3.7,2025-12-10 15:13:59+05:30,1.4,4.55,time,5.050000000000001,5.949999999999999,-58.49999999999991,-458.4999999999999,5+,-37025.0,975.0000000000013,tgt_stop
2025-12-12,2025-12-16,4,5.0,26117.0,27400,24800,2025-12-12 10:00:59+05:30,0.75,2.0,2025-12-12 15:14:59+05:30,0.85,2.05,time,2.75,2.9,-9.749999999999995,-409.75,4,-37434.75,965.2500000000013,tgt_stop
2025-12-15,2025-12-16,1,5.0,26199.9,27500,24900,2025-12-15 10:00:59+05:30,0.85,1.5,2025-12-15 15:14:59+05:30,0.55,1.45,time,2.35,2.0,22.750000000000007,-377.25,1,-37812.0,988.0000000000013,tgt_stop
2025-12-17,2025-12-23,6,5.0,26102.0,27400,24800,2025-12-17 10:00:59+05:30,1.5,3.45,2025-12-17 15:14:59+05:30,1.35,2.6,time,4.95,3.95,65.0,-335.0,5+,-38147.0,1053.0000000000014,tgt_stop
2025-12-19,2025-12-23,4,5.0,26328.0,27650,25000,2025-12-19 10:00:59+05:30,0.75,3.1,2025-12-19 15:12:59+05:30,0.7,2.65,time,3.85,3.3499999999999996,32.50000000000003,-367.5,4,-38514.5,1085.5000000000014,tgt_stop
2025-12-22,2025-12-23,1,5.0,26490.0,27800,25150,2025-12-22 10:00:59+05:30,0.6,2.3,2025-12-22 15:14:59+05:30,0.6,1.95,time,2.9,2.55,22.750000000000007,-377.25,1,-38891.75,1108.2500000000014,tgt_stop
2025-12-24,2025-12-30,6,5.0,26575.0,27900,25250,2025-12-24 10:00:59+05:30,0.95,3.75,2025-12-24 15:08:59+05:30,0.7,2.0,PT,4.7,2.7,130.0,-270.0,5+,-39161.75,1238.2500000000014,tgt_stop
2025-12-26,2025-12-30,4,5.0,26409.9,27750,25100,2025-12-26 10:01:59+05:30,0.75,1.55,2025-12-26 15:14:59+05:30,0.7,1.3,time,2.3,2.0,19.49999999999999,-380.5,4,-39542.25,1257.7500000000014,tgt_stop
2025-12-29,2025-12-30,1,5.0,26210.0,27500,24900,2025-12-29 10:00:59+05:30,0.8,0.95,2025-12-29 15:14:59+05:30,0.75,0.8,time,1.75,1.55,12.999999999999996,-387.0,1,-39929.25,1270.7500000000014,tgt_stop
2025-12-31,2026-01-06,6,5.0,26141.0,27450,24850,2025-12-31 10:00:59+05:30,1.1,2.35,2025-12-31 15:14:59+05:30,0.75,2.45,time,3.45,3.2,16.25,-383.75,5+,-40313.0,1287.0000000000014,tgt_stop
2026-01-02,2026-01-06,4,5.0,26395.7,27700,25100,2026-01-02 10:00:59+05:30,0.6,2.25,2026-01-02 15:14:59+05:30,0.4,1.45,time,2.85,1.85,65.0,-335.0,4,-40648.0,1352.0000000000014,tgt_stop
2026-01-05,2026-01-06,1,5.0,26450.0,27750,25150,2026-01-05 10:00:59+05:30,0.5,1.3,2026-01-05 15:14:59+05:30,0.5,0.85,time,1.8,1.35,29.249999999999996,-370.75,1,-41018.75,1381.2500000000014,tgt_stop
2026-01-07,2026-01-13,6,5.0,26579.8,27900,25250,2026-01-07 10:00:59+05:30,0.8,3.0,2026-01-07 15:14:59+05:30,0.7,2.35,time,3.8,3.05,48.75,-351.25,5+,-41370.0,1430.0000000000014,tgt_stop
2026-01-09,2026-01-13,4,5.0,26340.0,27650,25000,2026-01-09 10:00:59+05:30,0.65,3.75,2026-01-09 15:14:59+05:30,1.05,5.35,time,4.4,6.3999999999999995,-129.99999999999994,-530.0,4,-41900.0,1300.0000000000014,tgt_stop
2026-01-12,2026-01-13,1,5.0,25670.0,26950,24400,2026-01-12 10:00:59+05:30,1.65,2.3,2026-01-12 15:14:59+05:30,0.95,1.45,time,3.9499999999999997,2.4,100.74999999999999,-299.25,1,-42199.25,1400.7500000000014,tgt_stop
2026-01-14,2026-01-20,6,5.0,25793.7,27100,24500,2026-01-14 10:00:59+05:30,1.45,4.35,2026-01-14 15:14:59+05:30,1.1,3.7,time,5.8,4.800000000000001,64.99999999999994,-335.00000000000006,5+,-42534.25,1465.7500000000014,tgt_stop
2026-01-16,2026-01-20,4,5.0,26125.0,27450,24800,2026-01-16 10:00:59+05:30,0.7,3.55,2026-01-16 15:14:59+05:30,0.75,2.45,time,4.25,3.2,68.24999999999999,-331.75,4,-42866.0,1534.0000000000014,tgt_stop
2026-01-19,2026-01-20,1,5.0,25559.9,26850,24300,2026-01-19 10:00:59+05:30,1.45,1.25,2026-01-19 15:14:59+05:30,0.9,1.0,time,2.7,1.9,52.000000000000014,-348.0,1,-43214.0,1586.0000000000014,tgt_stop
2026-01-21,2026-01-27,6,5.0,25202.5,26450,23950,2026-01-21 10:00:59+05:30,3.5,8.6,2026-01-21 10:54:59+05:30,3.95,14.4,SL,12.1,18.35,-406.2500000000001,-806.2500000000001,5+,-44020.25,1179.7500000000014,tgt_stop
2026-01-23,2026-01-27,4,5.0,25640.2,26900,24350,2026-01-23 10:00:59+05:30,1.05,4.25,2026-01-23 15:14:59+05:30,1.6,4.9,time,5.3,6.5,-78.00000000000001,-478.0,4,-44498.25,1101.7500000000014,tgt_stop
2026-01-28,2026-02-03,6,5.0,25751.0,27050,24450,2026-01-28 10:00:59+05:30,3.75,34.3,2026-01-28 10:08:59+05:30,3.7,41.9,SL,38.05,45.6,-490.7500000000003,-890.7500000000002,5+,-45389.0,611.0000000000011,tgt_stop
2026-01-30,2026-02-03,4,5.0,25561.0,26850,24300,2026-01-30 10:00:59+05:30,2.65,13.2,2026-01-30 15:14:59+05:30,2.9,13.15,time,15.85,16.05,-13.00000000000007,-413.00000000000006,4,-45802.0,598.000000000001,tgt_stop
2026-02-01,2026-02-03,2,5.0,25729.5,27000,24450,2026-02-01 10:00:59+05:30,3.25,18.3,2026-02-01 10:21:59+05:30,3.15,16.2,PT,21.55,19.349999999999998,143.00000000000017,-256.99999999999983,2,-46059.0,741.0000000000011,tgt_stop
2026-02-02,2026-02-03,1,5.0,25228.5,26500,23950,2026-02-02 10:00:59+05:30,1.35,7.85,2026-02-02 10:18:59+05:30,1.25,5.85,PT,9.2,7.1,136.49999999999997,-263.5,1,-46322.5,877.5000000000011,tgt_stop
2026-02-04,2026-02-10,6,5.0,26010.2,27300,24700,2026-02-04 10:00:59+05:30,2.45,12.7,2026-02-04 10:44:59+05:30,2.0,10.95,PT,15.149999999999999,12.95,142.99999999999994,-257.00000000000006,5+,-46579.5,1020.5000000000011,tgt_stop
2026-02-06,2026-02-10,4,5.0,25955.0,27250,24650,2026-02-06 10:00:59+05:30,1.75,5.4,2026-02-06 15:14:59+05:30,1.4,7.5,time,7.15,8.9,-113.75,-513.75,4,-47093.25,906.7500000000011,tgt_stop
2026-02-09,2026-02-10,1,5.0,26200.3,27500,24900,2026-02-09 10:00:59+05:30,0.95,4.1,2026-02-09 15:14:59+05:30,1.15,5.7,time,5.05,6.85,-116.99999999999999,-517.0,1,-47610.25,789.7500000000011,tgt_stop
2026-02-11,2026-02-17,6,5.0,26161.4,27450,24850,2026-02-11 10:00:59+05:30,2.0,7.55,2026-02-11 15:14:59+05:30,1.5,7.3,time,9.55,8.8,48.75,-351.25,5+,-47961.5,838.5000000000011,tgt_stop
2026-02-13,2026-02-17,4,5.0,25609.9,26900,24350,2026-02-13 10:00:59+05:30,2.95,4.4,2026-02-13 15:14:59+05:30,3.1,4.85,time,7.3500000000000005,7.949999999999999,-38.99999999999992,-438.99999999999994,4,-48400.5,799.5000000000013,tgt_stop
2026-02-16,2026-02-17,1,5.0,25857.0,27150,24550,2026-02-16 10:00:59+05:30,1.35,4.5,2026-02-16 15:14:59+05:30,1.15,4.85,time,5.85,6.0,-9.750000000000023,-409.75,1,-48810.25,789.7500000000013,tgt_stop
2026-02-18,2026-02-24,6,5.0,25840.4,27150,24550,2026-02-18 10:00:59+05:30,2.0,8.15,2026-02-18 15:14:59+05:30,1.35,7.95,time,10.15,9.3,55.24999999999998,-344.75,5+,-49155.0,845.0000000000013,tgt_stop
2026-02-20,2026-02-24,4,5.0,25680.7,26950,24400,2026-02-20 10:00:59+05:30,2.3,10.7,2026-02-20 14:00:59+05:30,1.7,9.2,PT,13.0,10.899999999999999,136.50000000000009,-263.4999999999999,4,-49418.5,981.5000000000014,tgt_stop
2026-02-23,2026-02-24,1,5.0,26040.0,27350,24750,2026-02-23 10:00:59+05:30,1.0,6.5,2026-02-23 15:14:59+05:30,1.0,5.75,time,7.5,6.75,48.75,-351.25,1,-49769.75,1030.2500000000014,tgt_stop
2026-02-25,2026-03-02,5,5.0,26049.4,27350,24750,2026-02-25 10:00:59+05:30,1.4,13.7,2026-02-25 13:00:59+05:30,1.45,20.1,SL,15.1,21.55,-419.25000000000006,-819.25,5+,-50589.0,611.0000000000014,tgt_stop
2026-02-27,2026-03-02,3,5.0,25470.0,26750,24200,2026-02-27 10:00:59+05:30,1.55,3.3,2026-02-27 15:14:59+05:30,1.6,3.5,time,4.85,5.1,-16.25,-416.25,3,-51005.25,594.7500000000014,tgt_stop
2026-03-02,2026-03-10,8,5.0,25349.0,26600,24100,2026-03-02 10:00:59+05:30,3.25,59.25,2026-03-02 10:43:59+05:30,3.3,66.0,SL,62.5,69.3,-441.99999999999983,-841.9999999999998,5+,-51847.25,152.75000000000153,tgt_stop
2026-03-04,2026-03-10,6,5.0,24703.6,25950,23450,2026-03-04 10:00:59+05:30,7.65,103.5,2026-03-04 10:02:59+05:30,7.2,97.5,PT,111.15,104.7,419.25000000000017,19.25000000000017,5+,-51828.0,572.0000000000017,tgt_stop
2026-03-06,2026-03-10,4,5.0,24723.2,25950,23500,2026-03-06 10:00:59+05:30,3.2,20.25,2026-03-06 10:09:59+05:30,2.95,18.5,PT,23.45,21.45,130.0,-270.0,4,-52098.0,702.0000000000017,tgt_stop
2026-03-09,2026-03-10,1,5.0,24147.0,25350,22950,2026-03-09 10:00:59+05:30,3.75,36.0,2026-03-09 10:07:59+05:30,3.6,34.1,PT,39.75,37.7,133.24999999999983,-266.75000000000017,1,-52364.75,835.2500000000016,tgt_stop
2026-03-11,2026-03-17,6,5.0,24231.5,25450,23000,2026-03-11 10:00:59+05:30,7.9,33.5,2026-03-11 10:10:59+05:30,8.05,39.95,SL,41.4,48.0,-429.0000000000001,-829.0000000000001,5+,-53193.75,406.2500000000015,tgt_stop
2026-03-13,2026-03-17,4,5.0,23417.0,24600,22250,2026-03-13 10:00:59+05:30,9.45,23.8,2026-03-13 10:02:59+05:30,9.25,21.7,PT,33.25,30.95,149.50000000000006,-250.49999999999994,4,-53444.25,555.7500000000016,tgt_stop
2026-03-16,2026-03-17,1,5.0,23395.7,24550,22250,2026-03-16 10:00:59+05:30,2.65,11.95,2026-03-16 10:21:59+05:30,2.65,19.9,SL,14.6,22.549999999999997,-516.7499999999999,-916.7499999999999,1,-54361.0,39.000000000001705,tgt_stop
2026-03-18,2026-03-24,6,5.0,23845.0,25050,22650,2026-03-18 10:00:59+05:30,4.2,37.25,2026-03-18 10:18:59+05:30,3.95,34.95,PT,41.45,38.900000000000006,165.74999999999983,-234.25000000000017,5+,-54595.25,204.75000000000153,tgt_stop
2026-03-20,2026-03-24,4,5.0,23555.0,24750,22400,2026-03-20 10:00:59+05:30,3.1,48.45,2026-03-20 10:12:59+05:30,2.95,46.55,PT,51.550000000000004,49.5,133.25000000000028,-266.7499999999997,4,-54862.0,338.0000000000018,tgt_stop
2026-03-23,2026-03-24,1,5.0,22731.2,23850,21600,2026-03-23 10:00:59+05:30,5.5,24.25,2026-03-23 10:03:59+05:30,5.1,22.2,PT,29.75,27.299999999999997,159.25000000000017,-240.74999999999983,1,-55102.75,497.250000000002,tgt_stop
2026-03-25,2026-03-30,5,5.0,23297.4,24450,22150,2026-03-25 10:00:59+05:30,13.0,45.3,2026-03-25 10:15:59+05:30,12.05,44.0,PT,58.3,56.05,146.25,-253.75,5+,-55356.5,643.500000000002,tgt_stop
2026-03-27,2026-03-30,3,5.0,23117.6,24250,21950,2026-03-27 10:00:59+05:30,6.2,28.1,2026-03-27 10:03:59+05:30,6.2,26.1,PT,34.300000000000004,32.300000000000004,130.0,-270.0,3,-55626.5,773.500000000002,tgt_stop
2026-03-30,2026-04-07,8,5.0,22856.1,24000,21700,2026-03-30 10:00:59+05:30,36.45,154.1,2026-03-30 10:01:59+05:30,36.5,150.85,PT,190.55,187.35,208.0000000000011,-191.9999999999989,5+,-55818.5,981.5000000000032,tgt_stop
2026-04-01,2026-04-07,6,5.0,23126.0,24300,21950,2026-04-01 10:00:59+05:30,11.7,60.85,2026-04-01 10:03:59+05:30,11.9,58.15,PT,72.55,70.05,162.5,-237.5,5+,-56056.0,1144.0000000000032,tgt_stop
2026-04-06,2026-04-07,1,5.0,22785.0,23900,21650,2026-04-06 10:00:59+05:30,3.15,16.6,2026-04-06 10:05:59+05:30,3.1,14.45,PT,19.75,17.55,142.99999999999994,-257.00000000000006,1,-56313.0,1287.0000000000032,tgt_stop
2026-04-08,2026-04-13,5,5.0,23949.0,25150,22750,2026-04-08 10:00:59+05:30,7.15,24.25,2026-04-08 10:27:59+05:30,6.85,22.1,PT,31.4,28.950000000000003,159.24999999999972,-240.75000000000028,5+,-56553.75,1446.250000000003,tgt_stop
2026-04-10,2026-04-13,3,5.0,24311.8,25550,23100,2026-04-10 10:00:59+05:30,0.85,8.95,2026-04-10 13:57:59+05:30,0.9,6.7,PT,9.799999999999999,7.6000000000000005,142.9999999999999,-257.0000000000001,3,-56810.75,1589.2500000000027,tgt_stop
2026-04-13,2026-04-21,8,5.0,23700.0,24900,22500,2026-04-13 10:00:59+05:30,10.95,41.35,2026-04-13 10:03:59+05:30,10.7,39.5,PT,52.3,50.2,136.49999999999963,-263.50000000000034,5+,-57074.25,1725.7500000000023,tgt_stop
2026-04-15,2026-04-21,6,5.0,24375.0,25600,23150,2026-04-15 10:00:59+05:30,1.8,20.35,2026-04-15 15:14:59+05:30,1.5,19.6,time,22.150000000000002,21.1,68.25000000000004,-331.74999999999994,5+,-57406.0,1794.0000000000023,tgt_stop
2026-04-17,2026-04-21,4,5.0,24511.0,25750,23300,2026-04-17 10:00:59+05:30,0.8,9.15,2026-04-17 12:15:59+05:30,0.8,7.15,PT,9.950000000000001,7.95,130.00000000000006,-269.99999999999994,4,-57676.0,1924.0000000000023,tgt_stop
